Workbook
Name lm: #REF!

Sheet Regulamento
B2: REGULAMENTO
B4: - O Bolão será composto apenas pelos jogos da 1ª fase da copa do mundo
C5: O Palpite contemplará todos os jogos da 1º fase e a indicação dos 4 primeiros colocados da Copa do Mundo (em ordem definida), das duas seleções classificadas por grupo e do artilheiro da competição
C8: Uma vez entregue a planilha, não será permitida a revisão dos palpites
B10: PREMIOS: 1o - 70% - 2o - 20% 3o - 10%
B12: - O valor das apostas será de R$100,00 (cem reais)
B13: - Um mesmo apostador poderá fazer quantas apostas quiser, pagando 100 reais por cada uma.
B14: - O pagamento deverá ser feito em dinheiro diretamente para o Rodrigo Amorim por PIX para CPF: 41670531104
B15: - Após o pagamento envie comprovante para receber acesso a planilha de palpites
B16: - Sempre que possível serão enviados resultados parciais para acompanhamento dos participantes
B17: - Será confeccionada uma planilha com os resultados de todos os participantes para acompanhamento da disputa.
C18: A planilha será enviada para o e-mail preenchido na planilha de palpite até o dia 18/11/2022
B20: - Não há critério de desempate. Em caso de empate, o prêmio será dividido.
C21: Exemplo: Se os apostadores A e B empatarem em primeiro com 305 pontos e o apostador C ficar logo a seguir, sozinho, com 302, os prêmios de primeiro e segundo lugares serão somados e divididos entre A e B e o prêmio de terceiro será pago a C.
C23: As apostas só serão válidas se o pagamento for comprovado até o dia 18/11/2022
B27: PONTUAÇÃO
B29: JOGOS
B31: Acertar o placar do jogo e o vencedor - 10 pts | I31: 1
B32: Ex: Brasil 2x1 Japão (pallpite); Brasil 2x1 Japão (Resultado)
B34: Acertar o empate com nº gols certos - 10 pts | I34: 2
B35: Ex: Brasil 0x0 Japão (palpite); Brasil 0x0 Japão (Resultado)
B37: Acertar o vencedor e a diferença de gols - 6 pts | I37: 3
B38: Ex: Brasil 1x0 Japão (pallpite); Brasil 2x1 Japão (Resultado)
B40: Acertar o empate com o nº gols errado, diferença de 1 gol - 6 pts
B41: Ex: Brasil 1x1 Japão (palpite); Brasil 0x0 Japão (Resultado)
B43: Somente acertar o vencedor - 3 pts | I43: 5
B44: Ex: Brasil 1x0 Japão (pallpite); Brasil 3x0 Japão (Resultado)
B46: Acertar o empate com o nº gols errado, diferença maior do que 1 gol - 3 pts
B47: Ex: Brasil 1x1 Japão (pallpite); Brasil 3x3 Japão (Resultado)
B50: OS QUATRO PRIMEIROS DO CAMPEONATO
B52: - Cada participante apostará no Campeão, no Vice, no 3º e no 4º colocados.
B54: Acertar uma das 4 seleções na posição errada - 20 pts
B55: Ex: Brasil Campeão (palpite); Brasil 3º lugar (resultado) // Argentina 4º (palpite); Argentina Vice-campeão (resultado)
B57: Acertar na posição correta
B58: CAMPEÃO - + 20 pts = 40 pts
B59: VICE-CAMPEÃO - + 15 pts = 35 pts
B60: 3º - + 10 pts = 30 pts
B61: 4º - + 5 pts = 25 pts
... B78: 3º Colocado Geral = 10% do total arrecadado

Sheet Resultado Oficial
LN1: Grupo A
A2: Bolão Copa 2022 - Câmara dos Lordes - Resultados Oficiais | LM2: Seleção | LN2: PT | LO2: J | LP2: V | LQ2: E | LR2: D | LS2: GP | LT2: GC | LU2: SG
LM3: Catar | LN3: =IF(OR(E20="",G20=""),0,IF(LO3=0,0,IF(E20>G20,3,IF(E20=G20,1,0)))+IF(OR(E22="",G22=""),0,IF(E22>G22,3,IF(E22=G22,1,0)))+IF(OR(G25="",E25=""),0,IF(G25>E25,3,IF(G25=E25,1,0)))) -> 0 | LO3: =IF(AND(E20<>"",G20<>""),1,0)+IF(AND(E22<>"",G22<>""),1,0)+IF(AND(E25<>"",G25<>""),1,0) -> 3 | LP3: =IF(OR(E20="",G20=""),0,IF(E20>G20,1,0))+IF(OR(E22="",G22=""),0,IF(E22>G22,1,0))+IF(OR(G25="",E25=""),0,IF(G25>E25,1,0)) -> 0 | LQ3: =IF(OR(E20="",G20=""),0,IF(E20=G20,1,0))+IF(OR(E22="",G22=""),0,IF(E22=G22,1,0))+IF(OR(G25="",E25=""),0,IF(G25=E25,1,0)) -> 0 | LR3: =IF(OR(E20="",G20=""),0,IF(E20<G20,1,0))+IF(OR(E22="",G22=""),0,IF(E22<G22,1,0))+IF(OR(G25="",E25=""),0,IF(G25<E25,1,0)) -> 3 | LS3: =E20+E22+G25 -> 1 | LT3: =G20+G22+E25 -> 7 | LU3: =LS3-LT3 -> -6 | LV3: =LN3 -> 0 | LW3: =LU3/10 -> -0.6 | LX3: =LS3/100 -> 0.01 | LY3: =SUM(LV3:LX3) -> -0.59 | LZ3: =IF(LY3=LY4,IF(E20>G20,0.001,0),0) -> 0 | MA3: =IF(LY3=LY5,IF(E22>G22,0.001,0),0) -> 0 | MB3: =IF(LY3=LY6,IF(G25>E25,0.001,0),0) -> 0 | MC3: =SUM(LY3:MB3) -> -0.59 | MD3: =RANK(MC3,$MC$3:$MC$6,0) -> 4 | ME3: =MD3 -> 4 | MF3: 1 | MG3: =MATCH(MF3,$ME$3:$ME$6,0) -> 4 | MH3: =INDEX($LM$3:$LM$6,MG3) -> Holanda
LM4: Equador | LN4: =IF(OR(G20="",E20=""),0,IF(LO4=0,0,IF(G20>E20,3,IF(G20=E20,1,0)))+IF(OR(G23="",E23=""),0,IF(G23>E23,3,IF(G23=E23,1,0)))+IF(OR(G24="",E24=""),0,IF(E24>G24,3,IF(E24=G24,1,0)))) -> 4 | LO4: =IF(AND(E20<>"",G20<>""),1,0)+IF(AND(E23<>"",G23<>""),1,0)+IF(AND(E25<>"",G25<>""),1,0) -> 3 | LP4: =IF(OR(G20="",E20=""),0,IF(G20>E20,1,0))+IF(OR(G23="",E23=""),0,IF(G23>E23,1,0))+IF(OR(E25="",G25=""),0,IF(E25>G25,1,0)) -> 2 | LQ4: =IF(OR(G20="",E20=""),0,IF(G20=E20,1,0))+IF(OR(G23="",E23=""),0,IF(G23=E23,1,0))+IF(OR(E25="",G25=""),0,IF(E25=G25,1,0)) -> 1 | LR4: =IF(OR(G20="",E20=""),0,IF(G20<E20,1,0))+IF(OR(G23="",E23=""),0,IF(G23<E23,1,0))+IF(OR(E25="",G25=""),0,IF(E25<G25,1,0)) -> 0 | LS4: =G20+G23+E25 -> 5 | LT4: =E20+E23+G25 -> 1 | LU4: =LS4-LT4 -> 4 | LV4: =LN4 -> 4 | LW4: =LU4/10 -> 0.4 | LX4: =LS4/100 -> 0.05 | LY4: =SUM(LV4:LX4) -> 4.45 | LZ4: =IF(LY4=LY3,IF(G20>E20,0.001,0),0) -> 0 | MA4: =IF(LY4=LY5,IF(E24>G24,0.001,0),0) -> 0 | MB4: =IF(LY4=LY6,IF(G23>E23,0.001,0),0) -> 0 | MC4: =SUM(LY4:MB4) -> 4.45 | MD4: =RANK(MC4,$MC$3:$MC$6,0) -> 3 | ME4: =IF(OR(AND(MD3=MD4,MD3=MD5,MD3=MD6),AND(MD4=MD3,MD4=MD5),AND(MD4=MD3,MD4=MD6),MD4=MD3),MD4+1,MD4) -> 3 | MF4: 2 | MG4: =MATCH(MF4,$ME$3:$ME$6,0) -> 3 | MH4: =INDEX($LM$3:$LM$6,MG4) -> Senegal
LM5: Senegal | LN5: =IF(OR(E21="",G21=""),0,IF(LO5=0,0,IF(E21>G21,3,IF(E21=G21,1,0)))+IF(OR(G22="",E22=""),0,IF(G22>E22,3,IF(G22=E22,1,0)))+IF(OR(G24="",E24=""),0,IF(G24>E24,3,IF(E24=G24,1,0)))) -> 6 | LO5: =IF(AND(E21<>"",G21<>""),1,0)+IF(AND(E22<>"",G22<>""),1,0)+IF(AND(E24<>"",G24<>""),1,0) -> 3 | LP5: =IF(OR(E21="",G21=""),0,IF(E21>G21,1,0))+IF(OR(G22="",E22=""),0,IF(G22>E22,1,0))+IF(OR(G24="",E24=""),0,IF(G24>E24,1,0)) -> 2 | LQ5: =IF(OR(E21="",G21=""),0,IF(E21=G21,1,0))+IF(OR(G22="",E22=""),0,IF(G22=E22,1,0))+IF(OR(G24="",E24=""),0,IF(G24=E24,1,0)) -> 0 | LR5: =IF(OR(E21="",G21=""),0,IF(E21<G21,1,0))+IF(OR(G22="",E22=""),0,IF(G22<E22,1,0))+IF(OR(G24="",E24=""),0,IF(G24<E24,1,0)) -> 1 | LS5: =E21+G22+G24 -> 5 | LT5: =G21+E22+E24 -> 4 | LU5: =LS5-LT5 -> 1 | LV5: =LN5 -> 6 | LW5: =LU5/10 -> 0.1 | LX5: =LS5/100 -> 0.05 | LY5: =SUM(LV5:LX5) -> 6.15 | LZ5: =IF(LY5=LY3,IF(G22>E22,0.001,0),0) -> 0 | MA5: =IF(LY5=LY4,IF(G24>E24,0.001,0),0) -> 0 | MB5: =IF(LY5=LY6,IF(E21>G21,0.001,0),0) -> 0 | MC5: =SUM(LY5:MB5) -> 6.15 | MD5: =RANK(MC5,$MC$3:$MC$6,0) -> 2 | ME5: =IF(OR(AND(MD3=MD4,MD3=MD5,MD3=MD6),AND(MD5=MD3,MD5=MD4)),MD5+2,IF(OR(AND(MD5=MD4,MD5=MD6),MD5=MD3,MD5=MD4),MD5+1,MD5)) -> 2 | MF5: 3 | MG5: =MATCH(MF5,$ME$3:$ME$6,0) -> 2 | MH5: =INDEX($LM$3:$LM$6,MG5) -> Equador
LM6: Holanda | LN6: =IF(OR(G21="",E21=""),0,IF(LO6=0,0,IF(G21>E21,3,IF(G21=E21,1,0)))+IF(OR(E23="",G23=""),0,IF(E23>G23,3,IF(E23=G23,1,0)))+IF(OR(E25="",G25=""),0,IF(E25>G25,3,IF(E25=G25,1,0)))) -> 7 | LO6: =IF(AND(E21<>"",G21<>""),1,0)+IF(AND(E23<>"",G23<>""),1,0)+IF(AND(E25<>"",G25<>""),1,0) -> 3 | LP6: =IF(OR(G21="",E21=""),0,IF(G21>E21,1,0))+IF(OR(E23="",G23=""),0,IF(E23>G23,1,0))+IF(OR(E25="",G25=""),0,IF(E25>G25,1,0)) -> 2 | LQ6: =IF(OR(G21="",E21=""),0,IF(G21=E21,1,0))+IF(OR(E23="",G23=""),0,IF(E23=G23,1,0))+IF(OR(E25="",G25=""),0,IF(E25=G25,1,0)) -> 1 | LR6: =IF(OR(G21="",E21=""),0,IF(G21<E21,1,0))+IF(OR(E23="",G23=""),0,IF(E23<G23,1,0))+IF(OR(E25="",G25=""),0,IF(E25<G25,1,0)) -> 0 | LS6: =G21+E23+E25 -> 5 | LT6: =E21+G23+G25 -> 1 | LU6: =LS6-LT6 -> 4 | LV6: =LN6 -> 7 | LW6: =LU6/10 -> 0.4 | LX6: =LS6/100 -> 0.05 | LY6: =SUM(LV6:LX6) -> 7.45 | LZ6: =IF(LY6=LY3,IF(E25>G25,0.001,0),0) -> 0 | MA6: =IF(LY6=LY4,IF(E23>G23,0.001,0),0) -> 0 | MB6: =IF(LY6=LY5,IF(G21>E21,0.001,0),0) -> 0 | MC6: =SUM(LY6:MB6) -> 7.45 | MD6: =RANK(MC6,$MC$3:$MC$6,0) -> 1 | ME6: =IF(AND(MD3=MD4,MD3=MD5,MD3=MD6),MD6+3,IF(OR(AND(MD6=MD5,MD6=MD4),AND(MD6=MD4,MD6=MD3)),MD6+2,IF(OR(MD6=MD5,MD6=MD4,MD6=MD3),MD6+1,MD6))) -> 1 | MF6: 4 | MG6: =MATCH(MF6,$ME$3:$ME$6,0) -> 1 | MH6: =INDEX($LM$3:$LM$6,MG6) -> Catar
LN9: Grupo B
LM10: Seleção | LN10: PT | LO10: J | LP10: V | LQ10: E | LR10: D | LS10: GP | LT10: GC | LU10: SG
LM11: Inglaterra | LN11: =IF(OR(E28="",G28=""),0,IF(LO11=0,0,IF(E28>G28,3,IF(E28=G28,1,0)))+IF(OR(E31="",G31=""),0,IF(E31>G31,3,IF(E31=G31,1,0)))+IF(OR(G32="",E32=""),0,IF(G32>E32,3,IF(G32=E32,1,0)))) -> 7 | LO11: =IF(AND(E28<>"",G28<>""),1,0)+IF(AND(E31<>"",G31<>""),1,0)+IF(AND(E32<>"",G32<>""),1,0) -> 3 | LP11: =IF(OR(E28="",G28=""),0,IF(E28>G28,1,0))+IF(OR(E31="",G31=""),0,IF(E31>G31,1,0))+IF(OR(G32="",E32=""),0,IF(G32>E32,1,0)) -> 2 | LQ11: =IF(OR(E28="",G28=""),0,IF(E28=G28,1,0))+IF(OR(E31="",G31=""),0,IF(E31=G31,1,0))+IF(OR(G32="",E32=""),0,IF(G32=E32,1,0)) -> 1 | LR11: =IF(OR(E28="",G28=""),0,IF(E28<G28,1,0))+IF(OR(E31="",G31=""),0,IF(E31<G31,1,0))+IF(OR(G32="",E32=""),0,IF(G32<E32,1,0)) -> 0 | LS11: =E28+E31+G32 -> 9 | LT11: =G28+G31+E32 -> 2 | LU11: =LS11-LT11 -> 7 | LV11: =LN11 -> 7 | LW11: =LU11/10 -> 0.7 | LX11: =LS11/100 -> 0.09 | LY11: =SUM(LV11:LX11) -> 7.79 | LZ11: =IF(LY11=LY12,IF(E28>G28,0.001,0),0) -> 0 | MA11: =IF(LY11=LY13,IF(E31>G31,0.001,0),0) -> 0 | MB11: =IF(LY11=LY14,IF(G32>E32,0.001,0),0) -> 0 | MC11: =SUM(LY11:MB11) -> 7.79 | MD11: =RANK($MC$11,$MC$11:$MC$14,0) -> 1 | ME11: =MD11 -> 1 | MF11: 1 | MG11: =MATCH(MF11,$ME$11:$ME$14,0) -> 1 | MH11: =INDEX($LM$11:$LM$14,MG11) -> Inglaterra
LM12: Irã | LN12: =IF(OR(G28="",E28=""),0,IF(LO12=0,0,IF(G28>E28,3,IF(G28=E28,1,0)))+IF(OR(G30="",E30=""),0,IF(G30>E30,3,IF(G30=E30,1,0)))+IF(OR(G33="",E33=""),0,IF(E33>G33,3,IF(E33=G33,1,0)))) -> 3 | LO12: =IF(AND(E28<>"",G28<>""),1,0)+IF(AND(E30<>"",G30<>""),1,0)+IF(AND(E33<>"",G33<>""),1,0) -> 3 | LP12: =IF(OR(G28="",E28=""),0,IF(G28>E28,1,0))+IF(OR(G30="",E30=""),0,IF(G30>E30,1,0))+IF(OR(E33="",G33=""),0,IF(E33>G33,1,0)) -> 1 | LQ12: =IF(OR(G28="",E28=""),0,IF(G28=E28,1,0))+IF(OR(G30="",E30=""),0,IF(G30=E30,1,0))+IF(OR(E33="",G33=""),0,IF(E33=G33,1,0)) -> 0 | LR12: =IF(OR(G28="",E28=""),0,IF(G28<E28,1,0))+IF(OR(G30="",E30=""),0,IF(G30<E30,1,0))+IF(OR(E33="",G33=""),0,IF(E33<G33,1,0)) -> 2 | LS12: =G28+G30+E33 -> 4 | LT12: =E28+E30+G33 -> 7 | LU12: =LS12-LT12 -> -3 | LV12: =LN12 -> 3 | LW12: =LU12/10 -> -0.3 | LX12: =LS12/100 -> 0.04 | LY12: =SUM(LV12:LX12) -> 2.74 | LZ12: =IF(LY12=LY11,IF(G28>E28,0.001,0),0) -> 0 | MA12: =IF(LY12=LY13,IF(E33>G33,0.001,0),0) -> 0 | MB12: =IF(LY12=LY14,IF(G30>E30,0.001,0),0) -> 0 | MC12: =SUM(LY12:MB12) -> 2.74 | MD12: =RANK($MC$12,$MC$11:$MC$14,0) -> 3 | ME12: =IF(OR(AND(MD11=MD12,MD11=MD13,MD11=MD14),AND(MD12=MD11,MD12=MD13),AND(MD12=MD11,MD12=MD14),MD12=MD11),MD12+1,MD12) -> 3 | MF12: 2 | MG12: =MATCH(MF12,$ME$11:$ME$14,0) -> 3 | MH12: =INDEX($LM$11:$LM$14,MG12) -> Estados Unidos
LM13: Estados Unidos | LN13: =IF(OR(E29="",G29=""),0,IF(LO13=0,0,IF(E29>G29,3,IF(E29=G29,1,0)))+IF(OR(G31="",E31=""),0,IF(G31>E31,3,IF(G31=E31,1,0)))+IF(OR(G33="",E33=""),0,IF(G33>E33,3,IF(E33=G33,1,0)))) -> 5 | LO13: =IF(AND(E29<>"",G29<>""),1,0)+IF(AND(E31<>"",G31<>""),1,0)+IF(AND(E33<>"",G33<>""),1,0) -> 3 | LP13: =IF(OR(E29="",G29=""),0,IF(E29>G29,1,0))+IF(OR(G31="",E31=""),0,IF(G31>E31,1,0))+IF(OR(G33="",E33=""),0,IF(G33>E33,1,0)) -> 1 | LQ13: =IF(OR(E29="",G29=""),0,IF(E29=G29,1,0))+IF(OR(G31="",E31=""),0,IF(G31=E31,1,0))+IF(OR(G33="",E33=""),0,IF(G33=E33,1,0)) -> 2 | LR13: =IF(OR(E29="",G29=""),0,IF(E29<G29,1,0))+IF(OR(G31="",E31=""),0,IF(G31<E31,1,0))+IF(OR(G33="",E33=""),0,IF(G33<E33,1,0)) -> 0 | LS13: =E29+G31+G33 -> 2 | LT13: =G29+E31+E33 -> 1 | LU13: =LS13-LT13 -> 1 | LV13: =LN13 -> 5 | LW13: =LU13/10 -> 0.1 | LX13: =LS13/100 -> 0.02 | LY13: =SUM(LV13:LX13) -> 5.12 | LZ13: =IF(LY13=LY11,IF(G31>E31,0.001,0),0) -> 0 | MA13: =IF(LY13=LY12,IF(G33>E33,0.001,0),0) -> 0 | MB13: =IF(LY13=LY14,IF(E29>G29,0.001,0),0) -> 0 | MC13: =SUM(LY13:MB13) -> 5.12 | MD13: =RANK($MC$13,$MC$11:$MC$14,0) -> 2 | ME13: =IF(OR(AND(MD11=MD12,MD11=MD13,MD11=MD14),AND(MD13=MD11,MD13=MD12)),MD13+2,IF(OR(AND(MD13=MD12,MD13=MD14),MD13=MD11,MD13=MD12),MD13+1,MD13)) -> 2 | MF13: 3 | MG13: =MATCH(MF13,$ME$11:$ME$14,0) -> 2 | MH13: =INDEX($LM$11:$LM$14,MG13) -> Irã
LM14: País de Gales | LN14: =IF(OR(G29="",E29=""),0,IF(LO14=0,0,IF(G29>E29,3,IF(G29=E29,1,0)))+IF(OR(E30="",G30=""),0,IF(E30>G30,3,IF(E30=G30,1,0)))+IF(OR(E32="",G32=""),0,IF(E32>G32,3,IF(E32=G32,1,0)))) -> 1 | LO14: =IF(AND(E29<>"",G29<>""),1,0)+IF(AND(E30<>"",G30<>""),1,0)+IF(AND(E32<>"",G32<>""),1,0) -> 3 | LP14: =IF(OR(G29="",E29=""),0,IF(G29>E29,1,0))+IF(OR(E30="",G30=""),0,IF(E30>G30,1,0))+IF(OR(E32="",G32=""),0,IF(E32>G32,1,0)) -> 0 | LQ14: =IF(OR(G29="",E29=""),0,IF(G29=E29,1,0))+IF(OR(E30="",G30=""),0,IF(E30=G30,1,0))+IF(OR(E32="",G32=""),0,IF(E32=G32,1,0)) -> 1 | LR14: =IF(OR(G29="",E29=""),0,IF(G29<E29,1,0))+IF(OR(E30="",G30=""),0,IF(E30<G30,1,0))+IF(OR(E32="",G32=""),0,IF(E32<G32,1,0)) -> 2 | LS14: =G29+E30+E32 -> 1 | LT14: =E29+G30+G32 -> 6 | LU14: =LS14-LT14 -> -5 | LV14: =LN14 -> 1 | LW14: =LU14/10 -> -0.5 | LX14: =LS14/100 -> 0.01 | LY14: =SUM(LV14:LX14) -> 0.51 | LZ14: =IF(LY14=LY11,IF(E32>G32,0.001,0),0) -> 0 | MA14: =IF(LY14=LY12,IF(E30>G30,0.001,0),0) -> 0 | MB14: =IF(LY14=LY13,IF(G29>E29,0.001,0),0) -> 0 | MC14: =SUM(LY14:MB14) -> 0.51 | MD14: =RANK($MC$14,$MC$11:$MC$14,0) -> 4 | ME14: =IF(AND(MD11=MD12,MD11=MD13,MD11=MD14),MD14+3,IF(OR(AND(MD14=MD13,MD14=MD12),AND(MD14=MD12,MD14=MD11)),MD14+2,IF(OR(MD14=MD13,MD14=MD12,MD14=MD11),MD14+1,MD14))) -> 4 | MF14: 4 | MG14: =MATCH(MF14,$ME$11:$ME$14,0) -> 4 | MH14: =INDEX($LM$11:$LM$14,MG14) -> País de Gales
A17: 1a Fase | LN17: Grupo C
LM18: Seleção | LN18: PT | LO18: J | LP18: V | LQ18: E | LR18: D | LS18: GP | LT18: GC | LU18: SG
A19: Primeira fase GRUPO A | LM19: Argentina | LN19: =IF(OR(E36="",G36=""),0,IF(LO19=0,0,IF(E36>G36,3,IF(E36=G36,1,0)))+IF(OR(E39="",G39=""),0,IF(E39>G39,3,IF(E39=G39,1,0)))+IF(OR(G40="",E40=""),0,IF(G40>E40,3,IF(G40=E40,1,0)))) -> 6 | LO19: =IF(AND(E36<>"",G36<>""),1,0)+IF(AND(E39<>"",G39<>""),1,0)+IF(AND(E40<>"",G40<>""),1,0) -> 3 | LP19: =IF(OR(E36="",G36=""),0,IF(E36>G36,1,0))+IF(OR(E39="",G39=""),0,IF(E39>G39,1,0))+IF(OR(G40="",E40=""),0,IF(G40>E40,1,0)) -> 2 | LQ19: =IF(OR(E36="",G36=""),0,IF(E36=G36,1,0))+IF(OR(E39="",G39=""),0,IF(E39=G39,1,0))+IF(OR(G40="",E40=""),0,IF(G40=E40,1,0)) -> 0 | LR19: =IF(OR(E36="",G36=""),0,IF(E36<G36,1,0))+IF(OR(E39="",G39=""),0,IF(E39<G39,1,0))+IF(OR(G40="",E40=""),0,IF(G40<E40,1,0)) -> 1 | LS19: =E36+E39+G40 -> 5 | LT19: =G36+G39+E40 -> 2 | LU19: =LS19-LT19 -> 3 | LV19: =LN19 -> 6 | LW19: =LU19/10 -> 0.3 | LX19: =LS19/100 -> 0.05 | LY19: =SUM(LV19:LX19) -> 6.35 | LZ19: =IF(LY19=LY20,IF(E36>G36,0.001,0),0) -> 0 | MA19: =IF(LY19=LY21,IF(E39>G39,0.001,0),0) -> 0 | MB19: =IF(LY19=LY22,IF(G40>E40,0.001,0),0) -> 0 | MC19: =SUM(LY19:MB19) -> 6.35 | MD19: =RANK($MC$19,$MC$19:$MC$22,0) -> 1 | ME19: =MD19 -> 1 | MF19: 1 | MG19: =MATCH(MF19,$ME$19:$ME$22,0) -> 1 | MH19: =INDEX($LM$19:$LM$22,MG19) -> Argentina
A20: 44885 | B20: 0.54166667 | C20: Catar | E20: 0 | F20: x | G20: 2 | I20: Equador | J20: Al Bayt | L20: Classificação do grupo A | LM20: Arábia Saudita | LN20: =IF(OR(G36="",E36=""),0,IF(LO20=0,0,IF(G36>E36,3,IF(G36=E36,1,0)))+IF(OR(G38="",E38=""),0,IF(G38>E38,3,IF(G38=E38,1,0)))+IF(OR(G41="",E41=""),0,IF(E41>G41,3,IF(E41=G41,1,0)))) -> 3 | LO20: =IF(AND(E36<>"",G36<>""),1,0)+IF(AND(E38<>"",G38<>""),1,0)+IF(AND(E41<>"",G41<>""),1,0) -> 3 | LP20: =IF(OR(G36="",E36=""),0,IF(G36>E36,1,0))+IF(OR(G38="",E38=""),0,IF(G38>E38,1,0))+IF(OR(E41="",G41=""),0,IF(E41>G41,1,0)) -> 1 | LQ20: =IF(OR(G36="",E36=""),0,IF(G36=E36,1,0))+IF(OR(G38="",E38=""),0,IF(G38=E38,1,0))+IF(OR(E41="",G41=""),0,IF(E41=G41,1,0)) -> 0 | LR20: =IF(OR(G36="",E36=""),0,IF(G36<E36,1,0))+IF(OR(G38="",E38=""),0,IF(G38<E38,1,0))+IF(OR(E41="",G41=""),0,IF(E41<G41,1,0)) -> 2 | LS20: =G36+G38+E41 -> 3 | LT20: =E36+E38+G41 -> 5 | LU20: =LS20-LT20 -> -2 | LV20: =LN20 -> 3 | LW20: =LU20/10 -> -0.2 | LX20: =LS20/100 -> 0.03 | LY20: =SUM(LV20:LX20) -> 2.83 | LZ20: =IF(LY20=LY19,IF(G36>E36,0.001,0),0) -> 0 | MA20: =IF(LY20=LY21,IF(E41>G41,0.001,0),0) -> 0 | MB20: =IF(LY20=LY22,IF(G38>E38,0.001,0),0) -> 0 | MC20: =SUM(LY20:MB20) -> 2.83 | MD20: =RANK($MC$20,$MC$19:$MC$22,0) -> 4 | ME20: =IF(OR(AND(MD19=MD20,MD19=MD21,MD19=MD22),AND(MD20=MD19,MD20=MD21),AND(MD20=MD19,MD20=MD22),MD20=MD19),MD20+1,MD20) -> 4 | MF20: 2 | MG20: =MATCH(MF20,$ME$19:$ME$22,0) -> 4 | MH20: =INDEX($LM$19:$LM$22,MG20) -> Polônia
A21: 44886 | B21: 0.54166667 | C21: Senegal | E21: 0 | F21: x | G21: 2 | I21: Holanda | J21: Al Thumana | M21: PT | N21: J | O21: V | P21: E | Q21: D | R21: GP | S21: GC | T21: SG | V21: =A19 -> Primeira fase GRUPO A | LM21: México | LN21: =IF(OR(E37="",G37=""),0,IF(LO21=0,0,IF(E37>G37,3,IF(E37=G37,1,0)))+IF(OR(G39="",E39=""),0,IF(G39>E39,3,IF(G39=E39,1,0)))+IF(OR(G41="",E41=""),0,IF(G41>E41,3,IF(E41=G41,1,0)))) -> 4 | LO21: =IF(AND(E37<>"",G37<>""),1,0)+IF(AND(E39<>"",G39<>""),1,0)+IF(AND(E41<>"",G41<>""),1,0) -> 3 | LP21: =IF(OR(E37="",G37=""),0,IF(E37>G37,1,0))+IF(OR(G39="",E39=""),0,IF(G39>E39,1,0))+IF(OR(G41="",E41=""),0,IF(G41>E41,1,0)) -> 1 | LQ21: =IF(OR(E37="",G37=""),0,IF(E37=G37,1,0))+IF(OR(G39="",E39=""),0,IF(G39=E39,1,0))+IF(OR(G41="",E41=""),0,IF(G41=E41,1,0)) -> 1 | LR21: =IF(OR(E37="",G37=""),0,IF(E37<G37,1,0))+IF(OR(G39="",E39=""),0,IF(G39<E39,1,0))+IF(OR(G41="",E41=""),0,IF(G41<E41,1,0)) -> 1 | LS21: =E37+G39+G41 -> 2 | LT21: =G37+E39+E41 -> 3 | LU21: =LS21-LT21 -> -1 | LV21: =LN21 -> 4 | LW21: =LU21/10 -> -0.1 | LX21: =LS21/100 -> 0.02 | LY21: =SUM(LV21:LX21) -> 3.92 | LZ21: =IF(LY21=LY19,IF(G39>E39,0.001,0),0) -> 0 | MA21: =IF(LY21=LY20,IF(G41>E41,0.001,0),0) -> 0 | MB21: =IF(LY21=LY22,IF(E37>G37,0.001,0),0) -> 0 | MC21: =SUM(LY21:MB21) -> 3.92 | MD21: =RANK($MC$21,$MC$19:$MC$22,0) -> 3 | ME21: =IF(OR(AND(MD19=MD20,MD19=MD21,MD19=MD22),AND(MD21=MD19,MD21=MD20)),MD21+2,IF(OR(AND(MD21=MD20,MD21=MD22),MD21=MD19,MD21=MD20),MD21+1,MD21)) -> 3 | MF21: 3 | MG21: =MATCH(MF21,$ME$19:$ME$22,0) -> 3 | MH21: =INDEX($LM$19:$LM$22,MG21) -> México
A22: 44890 | B22: 0.41666667 | C22: Catar | E22: 1 | F22: x | G22: 3 | I22: Senegal | J22: Al Thumana | L22: ='Resultado Oficial'!MH3 -> Holanda | M22: =VLOOKUP(L22,'Resultado Oficial'!$LM$3:$LU$6,2,FALSE) -> 7 | N22: =VLOOKUP(L22,'Resultado Oficial'!$LM$3:$LU$6,3,FALSE) -> 3 | O22: =VLOOKUP(L22,'Resultado Oficial'!$LM$3:$LU$6,4,FALSE) -> 2 | P22: =VLOOKUP(L22,'Resultado Oficial'!$LM$3:$LU$6,5,FALSE) -> 1 | Q22: =VLOOKUP(L22,'Resultado Oficial'!$LM$3:$LU$6,6,FALSE) -> 0 | R22: =VLOOKUP(L22,'Resultado Oficial'!$LM$3:$LU$6,7,FALSE) -> 5 | S22: =VLOOKUP(L22,'Resultado Oficial'!$LM$3:$LU$6,8,FALSE) -> 1 | T22: =VLOOKUP(L22,'Resultado Oficial'!$LM$3:$LU$6,9,FALSE) -> 4 | V22: 1o Colocado | W22: =IF(SUM(N22:N25)<>12,"",L22) -> Holanda | LM22: Polônia | LN22: =IF(OR(G37="",E37=""),0,IF(LO22=0,0,IF(G37>E37,3,IF(G37=E37,1,0)))+IF(OR(E38="",G38=""),0,IF(E38>G38,3,IF(E38=G38,1,0)))+IF(OR(E40="",G40=""),0,IF(E40>G40,3,IF(E40=G40,1,0)))) -> 4 | LO22: =IF(AND(E37<>"",G37<>""),1,0)+IF(AND(E38<>"",G38<>""),1,0)+IF(AND(E40<>"",G40<>""),1,0) -> 3 | LP22: =IF(OR(G37="",E37=""),0,IF(G37>E37,1,0))+IF(OR(E38="",G38=""),0,IF(E38>G38,1,0))+IF(OR(E40="",G40=""),0,IF(E40>G40,1,0)) -> 1 | LQ22: =IF(OR(G37="",E37=""),0,IF(G37=E37,1,0))+IF(OR(E38="",G38=""),0,IF(E38=G38,1,0))+IF(OR(E40="",G40=""),0,IF(E40=G40,1,0)) -> 1 | LR22: =IF(OR(G37="",E37=""),0,IF(G37<E37,1,0))+IF(OR(E38="",G38=""),0,IF(E38<G38,1,0))+IF(OR(E40="",G40=""),0,IF(E40<G40,1,0)) -> 1 | LS22: =G37+E38+E40 -> 2 | LT22: =E37+G38+G40 -> 2 | LU22: =LS22-LT22 -> 0 | LV22: =LN22 -> 4 | LW22: =LU22/10 -> 0 | LX22: =LS22/100 -> 0.02 | LY22: =SUM(LV22:LX22) -> 4.02 | LZ22: =IF(LY22=LY19,IF(E40>G40,0.001,0),0) -> 0 | MA22: =IF(LY22=LY20,IF(E38>G38,0.001,0),0) -> 0 | MB22: =IF(LY22=LY21,IF(G37>E37,0.001,0),0) -> 0 | MC22: =SUM(LY22:MB22) -> 4.02 | MD22: =RANK($MC$22,$MC$19:$MC$22,0) -> 2 | ME22: =IF(AND(MD19=MD20,MD19=MD21,MD19=MD22),MD22+3,IF(OR(AND(MD22=MD21,MD22=MD20),AND(MD22=MD20,MD22=MD19)),MD22+2,IF(OR(MD22=MD21,MD22=MD20,MD22=MD19),MD22+1,MD22))) -> 2 | MF22: 4 | MG22: =MATCH(MF22,$ME$19:$ME$22,0) -> 2 | MH22: =INDEX($LM$19:$LM$22,MG22) -> Arábia Saudita
A23: 44890 | B23: 0.54166667 | C23: Holanda | E23: 1 | F23: x | G23: 1 | I23: Equador | J23: Intern. Khalifa | L23: ='Resultado Oficial'!MH4 -> Senegal | M23: =VLOOKUP(L23,'Resultado Oficial'!$LM$3:$LU$6,2,FALSE) -> 6 | N23: =VLOOKUP(L23,'Resultado Oficial'!$LM$3:$LU$6,3,FALSE) -> 3 | O23: =VLOOKUP(L23,'Resultado Oficial'!$LM$3:$LU$6,4,FALSE) -> 2 | P23: =VLOOKUP(L23,'Resultado Oficial'!$LM$3:$LU$6,5,FALSE) -> 0 | Q23: =VLOOKUP(L23,'Resultado Oficial'!$LM$3:$LU$6,6,FALSE) -> 1 | R23: =VLOOKUP(L23,'Resultado Oficial'!$LM$3:$LU$6,7,FALSE) -> 5 | S23: =VLOOKUP(L23,'Resultado Oficial'!$LM$3:$LU$6,8,FALSE) -> 4 | T23: =VLOOKUP(L23,'Resultado Oficial'!$LM$3:$LU$6,9,FALSE) -> 1 | V23: 2o Colocado | W23: =IF(SUM(N22:N25)<>12,"",L23) -> Senegal
A24: 44894 | B24: 0.5 | C24: Equador | E24: 1 | F24: x | G24: 2 | I24: Senegal | J24: Intern. Khalifa | L24: ='Resultado Oficial'!MH5 -> Equador | M24: =VLOOKUP(L24,'Resultado Oficial'!$LM$3:$LU$6,2,FALSE) -> 4 | N24: =VLOOKUP(L24,'Resultado Oficial'!$LM$3:$LU$6,3,FALSE) -> 3 | O24: =VLOOKUP(L24,'Resultado Oficial'!$LM$3:$LU$6,4,FALSE) -> 2 | P24: =VLOOKUP(L24,'Resultado Oficial'!$LM$3:$LU$6,5,FALSE) -> 1 | Q24: =VLOOKUP(L24,'Resultado Oficial'!$LM$3:$LU$6,6,FALSE) -> 0 | R24: =VLOOKUP(L24,'Resultado Oficial'!$LM$3:$LU$6,7,FALSE) -> 5 | S24: =VLOOKUP(L24,'Resultado Oficial'!$LM$3:$LU$6,8,FALSE) -> 1 | T24: =VLOOKUP(L24,'Resultado Oficial'!$LM$3:$LU$6,9,FALSE) -> 4
A25: 44894 | B25: 0.5 | C25: Holanda | E25: 2 | F25: x | G25: 0 | I25: Qatar | J25: Al Bayt | L25: ='Resultado Oficial'!MH6 -> Catar | M25: =VLOOKUP(L25,'Resultado Oficial'!$LM$3:$LU$6,2,FALSE) -> 0 | N25: =VLOOKUP(L25,'Resultado Oficial'!$LM$3:$LU$6,3,FALSE) -> 3 | O25: =VLOOKUP(L25,'Resultado Oficial'!$LM$3:$LU$6,4,FALSE) -> 0 | P25: =VLOOKUP(L25,'Resultado Oficial'!$LM$3:$LU$6,5,FALSE) -> 0 | Q25: =VLOOKUP(L25,'Resultado Oficial'!$LM$3:$LU$6,6,FALSE) -> 3 | R25: =VLOOKUP(L25,'Resultado Oficial'!$LM$3:$LU$6,7,FALSE) -> 1 | S25: =VLOOKUP(L25,'Resultado Oficial'!$LM$3:$LU$6,8,FALSE) -> 7 | T25: =VLOOKUP(L25,'Resultado Oficial'!$LM$3:$LU$6,9,FALSE) -> -6 | LN25: Grupo D
LM26: Seleção | LN26: PT | LO26: J | LP26: V | LQ26: E | LR26: D | LS26: GP | LT26: GC | LU26: SG
A27: Primeira fase GRUPO B | LM27: França | LN27: =IF(OR(E45="",G45=""),0,IF(LO27=0,0,IF(E45>G45,3,IF(E45=G45,1,0)))+IF(OR(E47="",G47=""),0,IF(E47>G47,3,IF(E47=G47,1,0)))+IF(OR(G49="",E49=""),0,IF(G49>E49,3,IF(G49=E49,1,0)))) -> 6 | LO27: =IF(AND(E45<>"",G45<>""),1,0)+IF(AND(E47<>"",G47<>""),1,0)+IF(AND(E49<>"",G49<>""),1,0) -> 3 | LP27: =IF(OR(E45="",G45=""),0,IF(E45>G45,1,0))+IF(OR(E47="",G47=""),0,IF(E47>G47,1,0))+IF(OR(G49="",E49=""),0,IF(G49>E49,1,0)) -> 2 | LQ27: =IF(OR(E45="",G45=""),0,IF(E45=G45,1,0))+IF(OR(E47="",G47=""),0,IF(E47=G47,1,0))+IF(OR(G49="",E49=""),0,IF(G49=E49,1,0)) -> 0 | LR27: =IF(OR(E45="",G45=""),0,IF(E45<G45,1,0))+IF(OR(E47="",G47=""),0,IF(E47<G47,1,0))+IF(OR(G49="",E49=""),0,IF(G49<E49,1,0)) -> 1 | LS27: =E45+E47+G49 -> 6 | LT27: =G45+G47+E49 -> 3 | LU27: =LS27-LT27 -> 3 | LV27: =LN27 -> 6 | LW27: =LU27/10 -> 0.3 | LX27: =LS27/100 -> 0.06 | LY27: =SUM(LV27:LX27) -> 6.36 | LZ27: =IF(LY27=LY28,IF(E45>G45,0.001,0),0) -> 0 | MA27: =IF(LY27=LY29,IF(E47>G47,0.001,0),0) -> 0 | MB27: =IF(LY27=LY30,IF(G49>E49,0.001,0),0) -> 0 | MC27: =SUM(LY27:MB27) -> 6.36 | MD27: =RANK($MC$27,$MC$27:$MC$30,0) -> 1 | ME27: =MD27 -> 1 | MF27: 1 | MG27: =MATCH(MF27,$ME$27:$ME$30,0) -> 1 | MH27: =INDEX($LM$27:$LM$30,MG27) -> França
A28: 44886 | B28: 0.41666667 | C28: Inglaterra | E28: 6 | F28: x | G28: 2 | I28: Irã | J28: Intern. Khalifa | L28: Classificação do grupo B | LM28: Austrália | LN28: =IF(OR(G45="",E45=""),0,IF(LO28=0,0,IF(G45>E45,3,IF(G45=E45,1,0)))+IF(OR(G46="",E46=""),0,IF(G46>E46,3,IF(G46=E46,1,0)))+IF(OR(G48="",E48=""),0,IF(E48>G48,3,IF(E48=G48,1,0)))) -> 6 | LO28: =IF(AND(E45<>"",G45<>""),1,0)+IF(AND(E46<>"",G46<>""),1,0)+IF(AND(E48<>"",G48<>""),1,0) -> 3 | LP28: =IF(OR(G45="",E45=""),0,IF(G45>E45,1,0))+IF(OR(G46="",E46=""),0,IF(G46>E46,1,0))+IF(OR(E48="",G48=""),0,IF(E48>G48,1,0)) -> 2 | LQ28: =IF(OR(G45="",E45=""),0,IF(G45=E45,1,0))+IF(OR(G46="",E46=""),0,IF(G46=E46,1,0))+IF(OR(E48="",G48=""),0,IF(E48=G48,1,0)) -> 0 | LR28: =IF(OR(G45="",E45=""),0,IF(G45<E45,1,0))+IF(OR(G46="",E46=""),0,IF(G46<E46,1,0))+IF(OR(E48="",G48=""),0,IF(E48<G48,1,0)) -> 1 | LS28: =G45+G46+E48 -> 3 | LT28: =E45+E46+G48 -> 4 | LU28: =LS28-LT28 -> -1 | LV28: =LN28 -> 6 | LW28: =LU28/10 -> -0.1 | LX28: =LS28/100 -> 0.03 | LY28: =SUM(LV28:LX28) -> 5.93 | LZ28: =IF(LY28=LY27,IF(G45>E45,0.001,0),0) -> 0 | MA28: =IF(LY28=LY29,IF(E48>G48,0.001,0),0) -> 0 | MB28: =IF(LY28=LY30,IF(G46>E46,0.001,0),0) -> 0 | MC28: =SUM(LY28:MB28) -> 5.93 | MD28: =RANK($MC$28,$MC$27:$MC$30,0) -> 2 | ME28: =IF(OR(AND(MD27=MD28,MD27=MD29,MD27=MD30),AND(MD28=MD27,MD28=MD29),AND(MD28=MD27,MD28=MD30),MD28=MD27),MD28+1,MD28) -> 2 | MF28: 2 | MG28: =MATCH(MF28,$ME$27:$ME$30,0) -> 2 | MH28: =INDEX($LM$27:$LM$30,MG28) -> Austrália
A29: 44886 | B29: 0.66666667 | C29: Estados Unidos | E29: 1 | F29: x | G29: 1 | I29: País de Gales | J29: Al Rayan | M29: PT | N29: J | O29: V | P29: E | Q29: D | R29: GP | S29: GC | T29: SG | V29: =A27 -> Primeira fase GRUPO B | LM29: Dinamarca | LN29: =IF(OR(E44="",G44=""),0,IF(LO29=0,0,IF(E44>G44,3,IF(E44=G44,1,0)))+IF(OR(G47="",E47=""),0,IF(G47>E47,3,IF(G47=E47,1,0)))+IF(OR(G48="",E48=""),0,IF(G48>E48,3,IF(E48=G48,1,0)))) -> 1 | LO29: =IF(AND(E44<>"",G44<>""),1,0)+IF(AND(E47<>"",G47<>""),1,0)+IF(AND(E48<>"",G48<>""),1,0) -> 3 | LP29: =IF(OR(E44="",G44=""),0,IF(E44>G44,1,0))+IF(OR(G47="",E47=""),0,IF(G47>E47,1,0))+IF(OR(G48="",E48=""),0,IF(G48>E48,1,0)) -> 0 | LQ29: =IF(OR(E44="",G44=""),0,IF(E44=G44,1,0))+IF(OR(G47="",E47=""),0,IF(G47=E47,1,0))+IF(OR(G48="",E48=""),0,IF(G48=E48,1,0)) -> 1 | LR29: =IF(OR(E44="",G44=""),0,IF(E44<G44,1,0))+IF(OR(G47="",E47=""),0,IF(G47<E47,1,0))+IF(OR(G48="",E48=""),0,IF(G48<E48,1,0)) -> 2 | LS29: =E44+G47+G48 -> 1 | LT29: =G44+E47+E48 -> 3 | LU29: =LS29-LT29 -> -2 | LV29: =LN29 -> 1 | LW29: =LU29/10 -> -0.2 | LX29: =LS29/100 -> 0.01 | LY29: =SUM(LV29:LX29) -> 0.81 | LZ29: =IF(LY29=LY27,IF(G47>E47,0.001,0),0) -> 0 | MA29: =IF(LY29=LY28,IF(G48>E48,0.001,0),0) -> 0 | MB29: =IF(LY29=LY30,IF(E44>G44,0.001,0),0) -> 0 | MC29: =SUM(LY29:MB29) -> 0.81 | MD29: =RANK($MC$29,$MC$27:$MC$30,0) -> 4 | ME29: =IF(OR(AND(MD27=MD28,MD27=MD29,MD27=MD30),AND(MD29=MD27,MD29=MD28)),MD29+2,IF(OR(AND(MD29=MD28,MD29=MD30),MD29=MD27,MD29=MD28),MD29+1,MD29)) -> 4 | MF29: 3 | MG29: =MATCH(MF29,$ME$27:$ME$30,0) -> 4 | MH29: =INDEX($LM$27:$LM$30,MG29) -> Tunísia
A30: 44890 | B30: 0.29166667 | C30: País de Gales | E30: 0 | F30: x | G30: 2 | I30: Irã | J30: Al Rayan | L30: ='Resultado Oficial'!MH11 -> Inglaterra | M30: =VLOOKUP(L30,'Resultado Oficial'!$LM$11:$LU$14,2,FALSE) -> 7 | N30: =VLOOKUP(L30,'Resultado Oficial'!$LM$11:$LU$14,3,FALSE) -> 3 | O30: =VLOOKUP(L30,'Resultado Oficial'!$LM$11:$LU$14,4,FALSE) -> 2 | P30: =VLOOKUP(L30,'Resultado Oficial'!$LM$11:$LU$14,5,FALSE) -> 1 | Q30: =VLOOKUP(L30,'Resultado Oficial'!$LM$11:$LU$14,6,FALSE) -> 0 | R30: =VLOOKUP(L30,'Resultado Oficial'!$LM$11:$LU$14,7,FALSE) -> 9 | S30: =VLOOKUP(L30,'Resultado Oficial'!$LM$11:$LU$14,8,FALSE) -> 2 | T30: =VLOOKUP(L30,'Resultado Oficial'!$LM$11:$LU$14,9,FALSE) -> 7 | V30: 1o Colocado | W30: =IF(SUM(N30:N33)<>12,"",L30) -> Inglaterra | LM30: Tunísia | LN30: =IF(OR(G44="",E44=""),0,IF(LO30=0,0,IF(G44>E44,3,IF(G44=E44,1,0)))+IF(OR(E46="",G46=""),0,IF(E46>G46,3,IF(E46=G46,1,0)))+IF(OR(E49="",G49=""),0,IF(E49>G49,3,IF(E49=G49,1,0)))) -> 4 | LO30: =IF(AND(E44<>"",G44<>""),1,0)+IF(AND(E46<>"",G46<>""),1,0)+IF(AND(E49<>"",G49<>""),1,0) -> 3 | LP30: =IF(OR(G44="",E44=""),0,IF(G44>E44,1,0))+IF(OR(E46="",G46=""),0,IF(E46>G46,1,0))+IF(OR(E49="",G49=""),0,IF(E49>G49,1,0)) -> 1 | LQ30: =IF(OR(G44="",E44=""),0,IF(G44=E44,1,0))+IF(OR(E46="",G46=""),0,IF(E46=G46,1,0))+IF(OR(E49="",G49=""),0,IF(E49=G49,1,0)) -> 1 | LR30: =IF(OR(G44="",E44=""),0,IF(G44<E44,1,0))+IF(OR(E46="",G46=""),0,IF(E46<G46,1,0))+IF(OR(E49="",G49=""),0,IF(E49<G49,1,0)) -> 1 | LS30: =G44+E46+E49 -> 1 | LT30: =E44+G46+G49 -> 1 | LU30: =LS30-LT30 -> 0 | LV30: =LN30 -> 4 | LW30: =LU30/10 -> 0 | LX30: =LS30/100 -> 0.01 | LY30: =SUM(LV30:LX30) -> 4.01 | LZ30: =IF(LY30=LY27,IF(E49>G49,0.001,0),0) -> 0 | MA30: =IF(LY30=LY28,IF(E46>G46,0.001,0),0) -> 0 | MB30: =IF(LY30=LY29,IF(G44>E44,0.001,0),0) -> 0 | MC30: =SUM(LY30:MB30) -> 4.01 | MD30: =RANK($MC$30,$MC$27:$MC$30,0) -> 3 | ME30: =IF(AND(MD27=MD28,MD27=MD29,MD27=MD30),MD30+3,IF(OR(AND(MD30=MD29,MD30=MD28),AND(MD30=MD28,MD30=MD27)),MD30+2,IF(OR(MD30=MD29,MD30=MD28,MD30=MD27),MD30+1,MD30))) -> 3 | MF30: 4 | MG30: =MATCH(MF30,$ME$27:$ME$30,0) -> 3 | MH30: =INDEX($LM$27:$LM$30,MG30) -> Dinamarca
A31: 44890 | B31: 0.66666667 | C31: Inglaterra | E31: 0 | F31: x | G31: 0 | I31: Estados Unidos | J31: Al Bayt | L31: ='Resultado Oficial'!MH12 -> Estados Unidos | M31: =VLOOKUP(L31,'Resultado Oficial'!$LM$11:$LU$14,2,FALSE) -> 5 | N31: =VLOOKUP(L31,'Resultado Oficial'!$LM$11:$LU$14,3,FALSE) -> 3 | O31: =VLOOKUP(L31,'Resultado Oficial'!$LM$11:$LU$14,4,FALSE) -> 1 | P31: =VLOOKUP(L31,'Resultado Oficial'!$LM$11:$LU$14,5,FALSE) -> 2 | Q31: =VLOOKUP(L31,'Resultado Oficial'!$LM$11:$LU$14,6,FALSE) -> 0 | R31: =VLOOKUP(L31,'Resultado Oficial'!$LM$11:$LU$14,7,FALSE) -> 2 | S31: =VLOOKUP(L31,'Resultado Oficial'!$LM$11:$LU$14,8,FALSE) -> 1 | T31: =VLOOKUP(L31,'Resultado Oficial'!$LM$11:$LU$14,9,FALSE) -> 1 | V31: 2o Colocado | W31: =IF(SUM(N30:N33)<>12,"",L31) -> Estados Unidos
A32: 44894 | B32: 0.66666667 | C32: País de Gales | E32: 0 | F32: x | G32: 3 | I32: Inglaterra | J32: Al Rayan | L32: ='Resultado Oficial'!MH13 -> Irã | M32: =VLOOKUP(L32,'Resultado Oficial'!$LM$11:$LU$14,2,FALSE) -> 3 | N32: =VLOOKUP(L32,'Resultado Oficial'!$LM$11:$LU$14,3,FALSE) -> 3 | O32: =VLOOKUP(L32,'Resultado Oficial'!$LM$11:$LU$14,4,FALSE) -> 1 | P32: =VLOOKUP(L32,'Resultado Oficial'!$LM$11:$LU$14,5,FALSE) -> 0 | Q32: =VLOOKUP(L32,'Resultado Oficial'!$LM$11:$LU$14,6,FALSE) -> 2 | R32: =VLOOKUP(L32,'Resultado Oficial'!$LM$11:$LU$14,7,FALSE) -> 4 | S32: =VLOOKUP(L32,'Resultado Oficial'!$LM$11:$LU$14,8,FALSE) -> 7 | T32: =VLOOKUP(L32,'Resultado Oficial'!$LM$11:$LU$14,9,FALSE) -> -3
A33: 44894 | B33: 0.66666667 | C33: Irã | E33: 0 | F33: x | G33: 1 | I33: Estados Unidos | J33: Al Thumana | L33: ='Resultado Oficial'!MH14 -> País de Gales | M33: =VLOOKUP(L33,'Resultado Oficial'!$LM$11:$LU$14,2,FALSE) -> 1 | N33: =VLOOKUP(L33,'Resultado Oficial'!$LM$11:$LU$14,3,FALSE) -> 3 | O33: =VLOOKUP(L33,'Resultado Oficial'!$LM$11:$LU$14,4,FALSE) -> 0 | P33: =VLOOKUP(L33,'Resultado Oficial'!$LM$11:$LU$14,5,FALSE) -> 1 | Q33: =VLOOKUP(L33,'Resultado Oficial'!$LM$11:$LU$14,6,FALSE) -> 2 | R33: =VLOOKUP(L33,'Resultado Oficial'!$LM$11:$LU$14,7,FALSE) -> 1 | S33: =VLOOKUP(L33,'Resultado Oficial'!$LM$11:$LU$14,8,FALSE) -> 6 | T33: =VLOOKUP(L33,'Resultado Oficial'!$LM$11:$LU$14,9,FALSE) -> -5 | LN33: Grupo E
LM34: Seleção | LN34: PT | LO34: J | LP34: V | LQ34: =IF(OR(E51="",G51=""),0,IF(E51=G51,1,0))+IF(OR(E53="",G53=""),0,IF(E53=G53,1,0))+IF(OR(G55="",E55=""),0,IF(G55=E55,1,0)) -> 1 | LR34: D | LS34: GP | LT34: GC | LU34: SG
A35: Primeira fase GRUPO C | LM35: Espanha | LN35: =IF(OR(E53="",G53=""),0,IF(LO35=0,0,IF(E53>G53,3,IF(E53=G53,1,0)))+IF(OR(E55="",G55=""),0,IF(E55>G55,3,IF(E55=G55,1,0)))+IF(OR(G56="",E56=""),0,IF(G56>E56,3,IF(G56=E56,1,0)))) -> 4 | LO35: =IF(AND(E53<>"",G53<>""),1,0)+IF(AND(E55<>"",G55<>""),1,0)+IF(AND(E56<>"",G56<>""),1,0) -> 3 | LP35: =IF(OR(E53="",G53=""),0,IF(E53>G53,1,0))+IF(OR(E55="",G55=""),0,IF(E55>G55,1,0))+IF(OR(G56="",E56=""),0,IF(G56>E56,1,0)) -> 1 | LQ35: =IF(OR(E53="",G53=""),0,IF(E53=G53,1,0))+IF(OR(E55="",G55=""),0,IF(E55=G55,1,0))+IF(OR(G56="",E56=""),0,IF(G56=E56,1,0)) -> 1 | LR35: =IF(OR(E53="",G53=""),0,IF(E53<G53,1,0))+IF(OR(E55="",G55=""),0,IF(E55<G55,1,0))+IF(OR(G56="",E56=""),0,IF(G56<E56,1,0)) -> 1 | LS35: =E53+E55+G56 -> 9 | LT35: =G53+G55+E56 -> 3 | LU35: =LS35-LT35 -> 6 | LV35: =LN35 -> 4 | LW35: =LU35/10 -> 0.6 | LX35: =LS35/100 -> 0.09 | LY35: =SUM(LV35:LX35) -> 4.69 | LZ35: =IF(LY35=LY36,IF(E53>G53,0.001,0),0) -> 0 | MA35: =IF(LY35=LY37,IF(E55>G55,0.001,0),0) -> 0 | MB35: =IF(LY35=LY38,IF(G56>E56,0.001,0),0) -> 0 | MC35: =SUM(LY35:MB35) -> 4.69 | MD35: =RANK($MC$35,$MC$35:$MC$38,0) -> 2 | ME35: =MD35 -> 2 | MF35: 1 | MG35: =MATCH(MF35,$ME$35:$ME$38,0) -> 4 | MH35: =INDEX($LM$35:$LM$38,MG35) -> Japão
A36: 44887 | B36: 0.29166667 | C36: Argentina | E36: 1 | F36: x | G36: 2 | I36: Arábia Saudita | J36: Lusail | L36: Classificação do grupo C | LM36: Costa Rica | LN36: =IF(OR(G53="",E53=""),0,IF(LO36=0,0,IF(G53>E53,3,IF(G53=E53,1,0)))+IF(OR(G54="",E54=""),0,IF(G54>E54,3,IF(G54=E54,1,0)))+IF(OR(G57="",E57=""),0,IF(E57>G57,3,IF(E57=G57,1,0)))) -> 3 | LO36: =IF(AND(E53<>"",G53<>""),1,0)+IF(AND(E54<>"",G54<>""),1,0)+IF(AND(E57<>"",G57<>""),1,0) -> 3 | LP36: =IF(OR(G53="",E53=""),0,IF(G53>E53,1,0))+IF(OR(G54="",E54=""),0,IF(G54>E54,1,0))+IF(OR(E57="",G57=""),0,IF(E57>G57,1,0)) -> 1 | LQ36: =IF(OR(G53="",E53=""),0,IF(G53=E53,1,0))+IF(OR(G54="",E54=""),0,IF(G54=E54,1,0))+IF(OR(E57="",G57=""),0,IF(E57=G57,1,0)) -> 0 | LR36: =IF(OR(G53="",E53=""),0,IF(G53<E53,1,0))+IF(OR(G54="",E54=""),0,IF(G54<E54,1,0))+IF(OR(E57="",G57=""),0,IF(E57<G57,1,0)) -> 2 | LS36: =G53+G54+E57 -> 3 | LT36: =E53+E54+G57 -> 11 | LU36: =LS36-LT36 -> -8 | LV36: =LN36 -> 3 | LW36: =LU36/10 -> -0.8 | LX36: =LS36/100 -> 0.03 | LY36: =SUM(LV36:LX36) -> 2.23 | LZ36: =IF(LY36=LY35,IF(G53>E53,0.001,0),0) -> 0 | MA36: =IF(LY36=LY37,IF(E57>G57,0.001,0),0) -> 0 | MB36: =IF(LY36=LY38,IF(G54>E54,0.001,0),0) -> 0 | MC36: =SUM(LY36:MB36) -> 2.23 | MD36: =RANK($MC$36,$MC$35:$MC$38,0) -> 4 | ME36: =IF(OR(AND(MD35=MD36,MD35=MD37,MD35=MD38),AND(MD36=MD35,MD36=MD37),AND(MD36=MD35,MD36=MD38),MD36=MD35),MD36+1,MD36) -> 4 | MF36: 2 | MG36: =MATCH(MF36,$ME$35:$ME$38,0) -> 1 | MH36: =INDEX($LM$35:$LM$38,MG36) -> Espanha
A37: 44887 | B37: 0.54166667 | C37: México | E37: 0 | F37: x | G37: 0 | I37: Polônia | J37: Estádio 974 | M37: PT | N37: J | O37: V | P37: E | Q37: D | R37: GP | S37: GC | T37: SG | V37: =A35 -> Primeira fase GRUPO C | LM37: Alemanha | LN37: =IF(OR(E52="",G52=""),0,IF(LO37=0,0,IF(E52>G52,3,IF(E52=G52,1,0)))+IF(OR(G55="",E55=""),0,IF(G55>E55,3,IF(G55=E55,1,0)))+IF(OR(G57="",E57=""),0,IF(G57>E57,3,IF(E57=G57,1,0)))) -> 4 | LO37: =IF(AND(E52<>"",G52<>""),1,0)+IF(AND(E55<>"",G55<>""),1,0)+IF(AND(E57<>"",G57<>""),1,0) -> 3 | LP37: =IF(OR(E52="",G52=""),0,IF(E52>G52,1,0))+IF(OR(G55="",E55=""),0,IF(G55>E55,1,0))+IF(OR(G57="",E57=""),0,IF(G57>E57,1,0)) -> 1 | LQ37: =IF(OR(E52="",G52=""),0,IF(E52=G52,1,0))+IF(OR(G55="",E55=""),0,IF(G55=E55,1,0))+IF(OR(G57="",E57=""),0,IF(G57=E57,1,0)) -> 1 | LR37: =IF(OR(E52="",G52=""),0,IF(E52<G52,1,0))+IF(OR(G55="",E55=""),0,IF(G55<E55,1,0))+IF(OR(G57="",E57=""),0,IF(G57<E57,1,0)) -> 1 | LS37: =E52+G55+G57 -> 6 | LT37: =G52+E55+E57 -> 5 | LU37: =LS37-LT37 -> 1 | LV37: =LN37 -> 4 | LW37: =LU37/10 -> 0.1 | LX37: =LS37/100 -> 0.06 | LY37: =SUM(LV37:LX37) -> 4.16 | LZ37: =IF(LY37=LY35,IF(G55>E55,0.001,0),0) -> 0 | MA37: =IF(LY37=LY36,IF(G57>E57,0.001,0),0) -> 0 | MB37: =IF(LY37=LY38,IF(E52>G52,0.001,0),0) -> 0 | MC37: =SUM(LY37:MB37) -> 4.16 | MD37: =RANK($MC$37,$MC$35:$MC$38,0) -> 3 | ME37: =IF(OR(AND(MD35=MD36,MD35=MD37,MD35=MD38),AND(MD37=MD35,MD37=MD36)),MD37+2,IF(OR(AND(MD37=MD36,MD37=MD38),MD37=MD35,MD37=MD36),MD37+1,MD37)) -> 3 | MF37: 3 | MG37: =MATCH(MF37,$ME$35:$ME$38,0) -> 3 | MH37: =INDEX($LM$35:$LM$38,MG37) -> Alemanha
A38: 44891 | B38: 0.41666667 | C38: Polônia | E38: 2 | F38: x | G38: 0 | I38: Arábia Saudita | J38: Cid. da Educ. | L38: ='Resultado Oficial'!MH19 -> Argentina | M38: =VLOOKUP(L38,'Resultado Oficial'!$LM$19:$LU$22,2,FALSE) -> 6 | N38: =VLOOKUP(L38,'Resultado Oficial'!$LM$19:$LU$22,3,FALSE) -> 3 | O38: =VLOOKUP(L38,'Resultado Oficial'!$LM$19:$LU$22,4,FALSE) -> 2 | P38: =VLOOKUP(L38,'Resultado Oficial'!$LM$19:$LU$22,5,FALSE) -> 0 | Q38: =VLOOKUP(L38,'Resultado Oficial'!$LM$19:$LU$22,6,FALSE) -> 1 | R38: =VLOOKUP(L38,'Resultado Oficial'!$LM$19:$LU$22,7,FALSE) -> 5 | S38: =VLOOKUP(L38,'Resultado Oficial'!$LM$19:$LU$22,8,FALSE) -> 2 | T38: =VLOOKUP(L38,'Resultado Oficial'!$LM$19:$LU$22,9,FALSE) -> 3 | V38: 1o Colocado | W38: =IF(SUM(N38:N41)<>12,"",L38) -> Argentina | LM38: Japão | LN38: =IF(OR(G52="",E52=""),0,IF(LO38=0,0,IF(G52>E52,3,IF(G52=E52,1,0)))+IF(OR(E54="",G54=""),0,IF(E54>G54,3,IF(E54=G54,1,0)))+IF(OR(E56="",G56=""),0,IF(E56>G56,3,IF(E56=G56,1,0)))) -> 6 | LO38: =IF(AND(E52<>"",G52<>""),1,0)+IF(AND(E54<>"",G54<>""),1,0)+IF(AND(E56<>"",G56<>""),1,0) -> 3 | LP38: =IF(OR(G52="",E52=""),0,IF(G52>E52,1,0))+IF(OR(E54="",G54=""),0,IF(E54>G54,1,0))+IF(OR(E56="",G56=""),0,IF(E56>G56,1,0)) -> 2 | LQ38: =IF(OR(G52="",E52=""),0,IF(G52=E52,1,0))+IF(OR(E54="",G54=""),0,IF(E54=G54,1,0))+IF(OR(E56="",G56=""),0,IF(E56=G56,1,0)) -> 0 | LR38: =IF(OR(G52="",E52=""),0,IF(G52<E52,1,0))+IF(OR(E54="",G54=""),0,IF(E54<G54,1,0))+IF(OR(E56="",G56=""),0,IF(E56<G56,1,0)) -> 1 | LS38: =G52+E54+E56 -> 4 | LT38: =E52+G54+G56 -> 3 | LU38: =LS38-LT38 -> 1 | LV38: =LN38 -> 6 | LW38: =LU38/10 -> 0.1 | LX38: =LS38/100 -> 0.04 | LY38: =SUM(LV38:LX38) -> 6.14 | LZ38: =IF(LY38=LY35,IF(E56>G56,0.001,0),0) -> 0 | MA38: =IF(LY38=LY36,IF(E54>G54,0.001,0),0) -> 0 | MB38: =IF(LY38=LY37,IF(G52>E52,0.001,0),0) -> 0 | MC38: =SUM(LY38:MB38) -> 6.14 | MD38: =RANK($MC$38,$MC$35:$MC$38,0) -> 1 | ME38: =IF(AND(MD35=MD36,MD35=MD37,MD35=MD38),MD38+3,IF(OR(AND(MD38=MD37,MD38=MD36),AND(MD38=MD36,MD38=MD35)),MD38+2,IF(OR(MD38=MD37,MD38=MD36,MD38=MD35),MD38+1,MD38))) -> 1 | MF38: 4 | MG38: =MATCH(MF38,$ME$35:$ME$38,0) -> 2 | MH38: =INDEX($LM$35:$LM$38,MG38) -> Costa Rica
A39: 44891 | B39: 0.66666667 | C39: Argentina | E39: 2 | F39: x | G39: 0 | I39: México | J39: Lusail | L39: ='Resultado Oficial'!MH20 -> Polônia | M39: =VLOOKUP(L39,'Resultado Oficial'!$LM$19:$LU$22,2,FALSE) -> 4 | N39: =VLOOKUP(L39,'Resultado Oficial'!$LM$19:$LU$22,3,FALSE) -> 3 | O39: =VLOOKUP(L39,'Resultado Oficial'!$LM$19:$LU$22,4,FALSE) -> 1 | P39: =VLOOKUP(L39,'Resultado Oficial'!$LM$19:$LU$22,5,FALSE) -> 1 | Q39: =VLOOKUP(L39,'Resultado Oficial'!$LM$19:$LU$22,6,FALSE) -> 1 | R39: =VLOOKUP(L39,'Resultado Oficial'!$LM$19:$LU$22,7,FALSE) -> 2 | S39: =VLOOKUP(L39,'Resultado Oficial'!$LM$19:$LU$22,8,FALSE) -> 2 | T39: =VLOOKUP(L39,'Resultado Oficial'!$LM$19:$LU$22,9,FALSE) -> 0 | V39: 2o Colocado | W39: =IF(SUM(N38:N41)<>12,"",L39) -> Polônia
A40: 44895 | B40: 0.66666667 | C40: Polônia | E40: 0 | F40: x | G40: 2 | I40: Argentina | J40: Estádio 974 | L40: ='Resultado Oficial'!MH21 -> México | M40: =VLOOKUP(L40,'Resultado Oficial'!$LM$19:$LU$22,2,FALSE) -> 4 | N40: =VLOOKUP(L40,'Resultado Oficial'!$LM$19:$LU$22,3,FALSE) -> 3 | O40: =VLOOKUP(L40,'Resultado Oficial'!$LM$19:$LU$22,4,FALSE) -> 1 | P40: =VLOOKUP(L40,'Resultado Oficial'!$LM$19:$LU$22,5,FALSE) -> 1 | Q40: =VLOOKUP(L40,'Resultado Oficial'!$LM$19:$LU$22,6,FALSE) -> 1 | R40: =VLOOKUP(L40,'Resultado Oficial'!$LM$19:$LU$22,7,FALSE) -> 2 | S40: =VLOOKUP(L40,'Resultado Oficial'!$LM$19:$LU$22,8,FALSE) -> 3 | T40: =VLOOKUP(L40,'Resultado Oficial'!$LM$19:$LU$22,9,FALSE) -> -1
A41: 44895 | B41: 0.66666667 | C41: Arábia Saudita | E41: 1 | F41: x | G41: 2 | I41: México | J41: Lusail | L41: ='Resultado Oficial'!MH22 -> Arábia Saudita | M41: =VLOOKUP(L41,'Resultado Oficial'!$LM$19:$LU$22,2,FALSE) -> 3 | N41: =VLOOKUP(L41,'Resultado Oficial'!$LM$19:$LU$22,3,FALSE) -> 3 | O41: =VLOOKUP(L41,'Resultado Oficial'!$LM$19:$LU$22,4,FALSE) -> 1 | P41: =VLOOKUP(L41,'Resultado Oficial'!$LM$19:$LU$22,5,FALSE) -> 0 | Q41: =VLOOKUP(L41,'Resultado Oficial'!$LM$19:$LU$22,6,FALSE) -> 2 | R41: =VLOOKUP(L41,'Resultado Oficial'!$LM$19:$LU$22,7,FALSE) -> 3 | S41: =VLOOKUP(L41,'Resultado Oficial'!$LM$19:$LU$22,8,FALSE) -> 5 | T41: =VLOOKUP(L41,'Resultado Oficial'!$LM$19:$LU$22,9,FALSE) -> -2 | LN41: Grupo F
LM42: Seleção | LN42: PT | LO42: J | LP42: V | LQ42: =IF(OR(E59="",G59=""),0,IF(E59=G59,1,0))+IF(OR(E61="",G61=""),0,IF(E61=G61,1,0))+IF(OR(G63="",E63=""),0,IF(G63=E63,1,0)) -> 0 | LR42: D | LS42: GP | LT42: GC | LU42: SG
A43: Primeira fase GRUPO D | LM43: Bélgica | LN43: =IF(OR(E61="",G61=""),0,IF(LO43=0,0,IF(E61>G61,3,IF(E61=G61,1,0)))+IF(OR(E62="",G62=""),0,IF(E62>G62,3,IF(E62=G62,1,0)))+IF(OR(G64="",E64=""),0,IF(G64>E64,3,IF(G64=E64,1,0)))) -> 4 | LO43: =IF(AND(E61<>"",G61<>""),1,0)+IF(AND(E62<>"",G62<>""),1,0)+IF(AND(E64<>"",G64<>""),1,0) -> 3 | LP43: =IF(OR(E61="",G61=""),0,IF(E61>G61,1,0))+IF(OR(E62="",G62=""),0,IF(E62>G62,1,0))+IF(OR(G64="",E64=""),0,IF(G64>E64,1,0)) -> 1 | LQ43: =IF(OR(E61="",G61=""),0,IF(E61=G61,1,0))+IF(OR(E62="",G62=""),0,IF(E62=G62,1,0))+IF(OR(G64="",E64=""),0,IF(G64=E64,1,0)) -> 1 | LR43: =IF(OR(E61="",G61=""),0,IF(E61<G61,1,0))+IF(OR(E62="",G62=""),0,IF(E62<G62,1,0))+IF(OR(G64="",E64=""),0,IF(G64<E64,1,0)) -> 1 | LS43: =E61+E62+G64 -> 1 | LT43: =G61+G62+E64 -> 2 | LU43: =LS43-LT43 -> -1 | LV43: =LN43 -> 4 | LW43: =LU43/10 -> -0.1 | LX43: =LS43/100 -> 0.01 | LY43: =SUM(LV43:LX43) -> 3.91 | LZ43: =IF(LY43=LY44,IF(E61>G61,0.001,0),0) -> 0 | MA43: =IF(LY43=LY45,IF(E62>G62,0.001,0),0) -> 0 | MB43: =IF(LY43=LY46,IF(G64>E64,0.001,0),0) -> 0 | MC43: =SUM(LY43:MB43) -> 3.91 | MD43: =RANK($MC$43,$MC$43:$MC$46,0) -> 3 | ME43: =MD43 -> 3 | MF43: 1 | MG43: =MATCH(MF43,$ME$43:$ME$46,0) -> 3 | MH43: =INDEX($LM$43:$LM$46,MG43) -> Marrocos
A44: 44887 | B44: 0.41666667 | C44: Dinamarca | E44: 0 | F44: x | G44: 0 | I44: Tunísia | J44: Cid. da Educ. | L44: Classificação do grupo D | LM44: Canadá | LN44: =IF(OR(G61="",E61=""),0,IF(LO44=0,0,IF(G61>E61,3,IF(G61=E61,1,0)))+IF(OR(G63="",E63=""),0,IF(G63>E63,3,IF(G63=E63,1,0)))+IF(OR(G65="",E65=""),0,IF(E65>G65,3,IF(E65=G65,1,0)))) -> 0 | LO44: =IF(AND(E61<>"",G61<>""),1,0)+IF(AND(E63<>"",G63<>""),1,0)+IF(AND(E65<>"",G65<>""),1,0) -> 3 | LP44: =IF(OR(G61="",E61=""),0,IF(G61>E61,1,0))+IF(OR(G63="",E63=""),0,IF(G63>E63,1,0))+IF(OR(E65="",G65=""),0,IF(E65>G65,1,0)) -> 0 | LQ44: =IF(OR(G61="",E61=""),0,IF(G61=E61,1,0))+IF(OR(G63="",E63=""),0,IF(G63=E63,1,0))+IF(OR(E65="",G65=""),0,IF(E65=G65,1,0)) -> 0 | LR44: =IF(OR(G61="",E61=""),0,IF(G61<E61,1,0))+IF(OR(G63="",E63=""),0,IF(G63<E63,1,0))+IF(OR(E65="",G65=""),0,IF(E65<G65,1,0)) -> 3 | LS44: =G61+G63+E65 -> 2 | LT44: =E61+E63+G65 -> 7 | LU44: =LS44-LT44 -> -5 | LV44: =LN44 -> 0 | LW44: =LU44/10 -> -0.5 | LX44: =LS44/100 -> 0.02 | LY44: =SUM(LV44:LX44) -> -0.48 | LZ44: =IF(LY44=LY43,IF(G61>E61,0.001,0),0) -> 0 | MA44: =IF(LY44=LY45,IF(E65>G65,0.001,0),0) -> 0 | MB44: =IF(LY44=LY46,IF(G63>E63,0.001,0),0) -> 0 | MC44: =SUM(LY44:MB44) -> -0.48 | MD44: =RANK($MC$44,$MC$43:$MC$46,0) -> 4 | ME44: =IF(OR(AND(MD43=MD44,MD43=MD45,MD43=MD46),AND(MD44=MD43,MD44=MD45),AND(MD44=MD43,MD44=MD46),MD44=MD43),MD44+1,MD44) -> 4 | MF44: 2 | MG44: =MATCH(MF44,$ME$43:$ME$46,0) -> 4 | MH44: =INDEX($LM$43:$LM$46,MG44) -> Croácia
A45: 44887 | B45: 0.66666667 | C45: França | E45: 4 | F45: x | G45: 1 | I45: Austrália | J45: Al Janoub | M45: PT | N45: J | O45: V | P45: E | Q45: D | R45: GP | S45: GC | T45: SG | V45: =A43 -> Primeira fase GRUPO D | LM45: Marrocos | LN45: =IF(OR(E60="",G60=""),0,IF(LO45=0,0,IF(E60>G60,3,IF(E60=G60,1,0)))+IF(OR(G62="",E62=""),0,IF(G62>E62,3,IF(G62=E62,1,0)))+IF(OR(G65="",E65=""),0,IF(G65>E65,3,IF(E65=G65,1,0)))) -> 7 | LO45: =IF(AND(E60<>"",G60<>""),1,0)+IF(AND(E62<>"",G62<>""),1,0)+IF(AND(E65<>"",G65<>""),1,0) -> 3 | LP45: =IF(OR(E60="",G60=""),0,IF(E60>G60,1,0))+IF(OR(G62="",E62=""),0,IF(G62>E62,1,0))+IF(OR(G65="",E65=""),0,IF(G65>E65,1,0)) -> 2 | LQ45: =IF(OR(E60="",G60=""),0,IF(E60=G60,1,0))+IF(OR(G62="",E62=""),0,IF(G62=E62,1,0))+IF(OR(G65="",E65=""),0,IF(G65=E65,1,0)) -> 1 | LR45: =IF(OR(E60="",G60=""),0,IF(E60<G60,1,0))+IF(OR(G62="",E62=""),0,IF(G62<E62,1,0))+IF(OR(G65="",E65=""),0,IF(G65<E65,1,0)) -> 0 | LS45: =E60+G62+G65 -> 4 | LT45: =G60+E62+E65 -> 1 | LU45: =LS45-LT45 -> 3 | LV45: =LN45 -> 7 | LW45: =LU45/10 -> 0.3 | LX45: =LS45/100 -> 0.04 | LY45: =SUM(LV45:LX45) -> 7.34 | LZ45: =IF(LY45=LY43,IF(G62>E62,0.001,0),0) -> 0 | MA45: =IF(LY45=LY44,IF(G65>E65,0.001,0),0) -> 0 | MB45: =IF(LY45=LY46,IF(E60>G60,0.001,0),0) -> 0 | MC45: =SUM(LY45:MB45) -> 7.34 | MD45: =RANK($MC$45,$MC$43:$MC$46,0) -> 1 | ME45: =IF(OR(AND(MD43=MD44,MD43=MD45,MD43=MD46),AND(MD45=MD43,MD45=MD44)),MD45+2,IF(OR(AND(MD45=MD44,MD45=MD46),MD45=MD43,MD45=MD44),MD45+1,MD45)) -> 1 | MF45: 3 | MG45: =MATCH(MF45,$ME$43:$ME$46,0) -> 1 | MH45: =INDEX($LM$43:$LM$46,MG45) -> Bélgica
A46: 44891 | B46: 0.29166667 | C46: Tunísia | E46: 0 | F46: x | G46: 1 | I46: Austrália | J46: Al Janoub | L46: ='Resultado Oficial'!MH27 -> França | M46: =VLOOKUP(L46,'Resultado Oficial'!$LM$27:$LU$30,2,FALSE) -> 6 | N46: =VLOOKUP(L46,'Resultado Oficial'!$LM$27:$LU$30,3,FALSE) -> 3 | O46: =VLOOKUP(L46,'Resultado Oficial'!$LM$27:$LU$30,4,FALSE) -> 2 | P46: =VLOOKUP(L46,'Resultado Oficial'!$LM$27:$LU$30,5,FALSE) -> 0 | Q46: =VLOOKUP(L46,'Resultado Oficial'!$LM$27:$LU$30,6,FALSE) -> 1 | R46: =VLOOKUP(L46,'Resultado Oficial'!$LM$27:$LU$30,7,FALSE) -> 6 | S46: =VLOOKUP(L46,'Resultado Oficial'!$LM$27:$LU$30,8,FALSE) -> 3 | T46: =VLOOKUP(L46,'Resultado Oficial'!$LM$27:$LU$30,9,FALSE) -> 3 | V46: 1o Colocado | W46: =IF(SUM(N46:N49)<>12,"",L46) -> França | LM46: Croácia | LN46: =IF(OR(G60="",E60=""),0,IF(LO46=0,0,IF(G60>E60,3,IF(G60=E60,1,0)))+IF(OR(E63="",G63=""),0,IF(E63>G63,3,IF(E63=G63,1,0)))+IF(OR(E64="",G64=""),0,IF(E64>G64,3,IF(E64=G64,1,0)))) -> 5 | LO46: =IF(AND(E60<>"",G60<>""),1,0)+IF(AND(E63<>"",G63<>""),1,0)+IF(AND(E64<>"",G64<>""),1,0) -> 3 | LP46: =IF(OR(G60="",E60=""),0,IF(G60>E60,1,0))+IF(OR(E63="",G63=""),0,IF(E63>G63,1,0))+IF(OR(E64="",G64=""),0,IF(E64>G64,1,0)) -> 1 | LQ46: =IF(OR(G60="",E60=""),0,IF(G60=E60,1,0))+IF(OR(E63="",G63=""),0,IF(E63=G63,1,0))+IF(OR(E64="",G64=""),0,IF(E64=G64,1,0)) -> 2 | LR46: =IF(OR(G60="",E60=""),0,IF(G60<E60,1,0))+IF(OR(E63="",G63=""),0,IF(E63<G63,1,0))+IF(OR(E64="",G64=""),0,IF(E64<G64,1,0)) -> 0 | LS46: =G60+E63+E64 -> 4 | LT46: =E60+G63+G64 -> 1 | LU46: =LS46-LT46 -> 3 | LV46: =LN46 -> 5 | LW46: =LU46/10 -> 0.3 | LX46: =LS46/100 -> 0.04 | LY46: =SUM(LV46:LX46) -> 5.34 | LZ46: =IF(LY46=LY43,IF(E64>G64,0.001,0),0) -> 0 | MA46: =IF(LY46=LY44,IF(E63>G63,0.001,0),0) -> 0 | MB46: =IF(LY46=LY45,IF(G60>E60,0.001,0),0) -> 0 | MC46: =SUM(LY46:MB46) -> 5.34 | MD46: =RANK($MC$46,$MC$43:$MC$46,0) -> 2 | ME46: =IF(AND(MD43=MD44,MD43=MD45,MD43=MD46),MD46+3,IF(OR(AND(MD46=MD45,MD46=MD44),AND(MD46=MD44,MD46=MD43)),MD46+2,IF(OR(MD46=MD45,MD46=MD44,MD46=MD43),MD46+1,MD46))) -> 2 | MF46: 4 | MG46: =MATCH(MF46,$ME$43:$ME$46,0) -> 2 | MH46: =INDEX($LM$43:$LM$46,MG46) -> Canadá
A47: 44891 | B47: 0.54166667 | C47: França | E47: 2 | F47: x | G47: 1 | I47: Dinamarca | J47: Estádio 974 | L47: ='Resultado Oficial'!MH28 -> Austrália | M47: =VLOOKUP(L47,'Resultado Oficial'!$LM$27:$LU$30,2,FALSE) -> 6 | N47: =VLOOKUP(L47,'Resultado Oficial'!$LM$27:$LU$30,3,FALSE) -> 3 | O47: =VLOOKUP(L47,'Resultado Oficial'!$LM$27:$LU$30,4,FALSE) -> 2 | P47: =VLOOKUP(L47,'Resultado Oficial'!$LM$27:$LU$30,5,FALSE) -> 0 | Q47: =VLOOKUP(L47,'Resultado Oficial'!$LM$27:$LU$30,6,FALSE) -> 1 | R47: =VLOOKUP(L47,'Resultado Oficial'!$LM$27:$LU$30,7,FALSE) -> 3 | S47: =VLOOKUP(L47,'Resultado Oficial'!$LM$27:$LU$30,8,FALSE) -> 4 | T47: =VLOOKUP(L47,'Resultado Oficial'!$LM$27:$LU$30,9,FALSE) -> -1 | V47: 2o Colocado | W47: =IF(SUM(N46:N49)<>12,"",L47) -> Austrália
A48: 44895 | B48: 0.5 | C48: Austrália | E48: 1 | F48: x | G48: 0 | I48: Dinamarca | J48: Al Janoub | L48: ='Resultado Oficial'!MH29 -> Tunísia | M48: =VLOOKUP(L48,'Resultado Oficial'!$LM$27:$LU$30,2,FALSE) -> 4 | N48: =VLOOKUP(L48,'Resultado Oficial'!$LM$27:$LU$30,3,FALSE) -> 3 | O48: =VLOOKUP(L48,'Resultado Oficial'!$LM$27:$LU$30,4,FALSE) -> 1 | P48: =VLOOKUP(L48,'Resultado Oficial'!$LM$27:$LU$30,5,FALSE) -> 1 | Q48: =VLOOKUP(L48,'Resultado Oficial'!$LM$27:$LU$30,6,FALSE) -> 1 | R48: =VLOOKUP(L48,'Resultado Oficial'!$LM$27:$LU$30,7,FALSE) -> 1 | S48: =VLOOKUP(L48,'Resultado Oficial'!$LM$27:$LU$30,8,FALSE) -> 1 | T48: =VLOOKUP(L48,'Resultado Oficial'!$LM$27:$LU$30,9,FALSE) -> 0
A49: 44895 | B49: 0.5 | C49: Tunísia | E49: 1 | F49: x | G49: 0 | I49: França | J49: Cid. da Educ. | L49: ='Resultado Oficial'!MH30 -> Dinamarca | M49: =VLOOKUP(L49,'Resultado Oficial'!$LM$27:$LU$30,2,FALSE) -> 1 | N49: =VLOOKUP(L49,'Resultado Oficial'!$LM$27:$LU$30,3,FALSE) -> 3 | O49: =VLOOKUP(L49,'Resultado Oficial'!$LM$27:$LU$30,4,FALSE) -> 0 | P49: =VLOOKUP(L49,'Resultado Oficial'!$LM$27:$LU$30,5,FALSE) -> 1 | Q49: =VLOOKUP(L49,'Resultado Oficial'!$LM$27:$LU$30,6,FALSE) -> 2 | R49: =VLOOKUP(L49,'Resultado Oficial'!$LM$27:$LU$30,7,FALSE) -> 1 | S49: =VLOOKUP(L49,'Resultado Oficial'!$LM$27:$LU$30,8,FALSE) -> 3 | T49: =VLOOKUP(L49,'Resultado Oficial'!$LM$27:$LU$30,9,FALSE) -> -2 | LN49: Grupo G
LM50: Seleção | LN50: PT | LO50: J | LP50: V | LQ50: E | LR50: D | LS50: GP | LT50: GC | LU50: SG
A51: Primeira fase GRUPO E | LM51: Brasil | LN51: =IF(OR(E69="",G69=""),0,IF(LO51=0,0,IF(E69>G69,3,IF(E69=G69,1,0)))+IF(OR(E71="",G71=""),0,IF(E71>G71,3,IF(E71=G71,1,0)))+IF(OR(G73="",E73=""),0,IF(G73>E73,3,IF(G73=E73,1,0)))) -> 6 | LO51: =IF(AND(E69<>"",G69<>""),1,0)+IF(AND(E71<>"",G71<>""),1,0)+IF(AND(E73<>"",G73<>""),1,0) -> 3 | LP51: =IF(OR(E69="",G69=""),0,IF(E69>G69,1,0))+IF(OR(E71="",G71=""),0,IF(E71>G71,1,0))+IF(OR(G73="",E73=""),0,IF(G73>E73,1,0)) -> 2 | LQ51: =IF(OR(E69="",G69=""),0,IF(E69=G69,1,0))+IF(OR(E71="",G71=""),0,IF(E71=G71,1,0))+IF(OR(G73="",E73=""),0,IF(G73=E73,1,0)) -> 0 | LR51: =IF(OR(E69="",G69=""),0,IF(E69<G69,1,0))+IF(OR(E71="",G71=""),0,IF(E71<G71,1,0))+IF(OR(G73="",E73=""),0,IF(G73<E73,1,0)) -> 1 | LS51: =E69+E71+G73 -> 3 | LT51: =G69+G71+E73 -> 1 | LU51: =LS51-LT51 -> 2 | LV51: =LN51 -> 6 | LW51: =LU51/10 -> 0.2 | LX51: =LS51/100 -> 0.03 | LY51: =SUM(LV51:LX51) -> 6.23 | LZ51: =IF(LY51=LY52,IF(E69>G69,0.001,0),0) -> 0 | MA51: =IF(LY51=LY53,IF(E71>G71,0.001,0),0) -> 0 | MB51: =IF(LY51=LY54,IF(G73>E73,0.001,0),0) -> 0 | MC51: =SUM(LY51:MB51) -> 6.23 | MD51: =RANK($MC$51,$MC$51:$MC$54,0) -> 1 | ME51: =MD51 -> 1 | MF51: 1 | MG51: =MATCH(MF51,$ME$51:$ME$54,0) -> 1 | MH51: =INDEX($LM$51:$LM$54,MG51) -> Brasil
A52: 44888 | B52: 0.41666667 | C52: Alemanha | E52: 1 | F52: x | G52: 2 | I52: Japão | J52: Intern. Khalifa | L52: Classificação do grupo E | LM52: Sérvia | LN52: =IF(OR(G69="",E69=""),0,IF(LO52=0,0,IF(G69>E69,3,IF(G69=E69,1,0)))+IF(OR(G70="",E70=""),0,IF(G70>E70,3,IF(G70=E70,1,0)))+IF(OR(G72="",E72=""),0,IF(E72>G72,3,IF(E72=G72,1,0)))) -> 1 | LO52: =IF(AND(E69<>"",G69<>""),1,0)+IF(AND(E70<>"",G70<>""),1,0)+IF(AND(E72<>"",G72<>""),1,0) -> 3 | LP52: =IF(OR(G69="",E69=""),0,IF(G69>E69,1,0))+IF(OR(G70="",E70=""),0,IF(G70>E70,1,0))+IF(OR(E72="",G72=""),0,IF(E72>G72,1,0)) -> 0 | LQ52: =IF(OR(G69="",E69=""),0,IF(G69=E69,1,0))+IF(OR(G70="",E70=""),0,IF(G70=E70,1,0))+IF(OR(E72="",G72=""),0,IF(E72=G72,1,0)) -> 1 | LR52: =IF(OR(G69="",E69=""),0,IF(G69<E69,1,0))+IF(OR(G70="",E70=""),0,IF(G70<E70,1,0))+IF(OR(E72="",G72=""),0,IF(E72<G72,1,0)) -> 2 | LS52: =G69+G70+E72 -> 5 | LT52: =E69+E70+G72 -> 8 | LU52: =LS52-LT52 -> -3 | LV52: =LN52 -> 1 | LW52: =LU52/10 -> -0.3 | LX52: =LS52/100 -> 0.05 | LY52: =SUM(LV52:LX52) -> 0.75 | LZ52: =IF(LY52=LY51,IF(G69>E69,0.001,0),0) -> 0 | MA52: =IF(LY52=LY53,IF(E72>G72,0.001,0),0) -> 0 | MB52: =IF(LY52=LY54,IF(G70>E70,0.001,0),0) -> 0 | MC52: =SUM(LY52:MB52) -> 0.75 | MD52: =RANK($MC$52,$MC$51:$MC$54,0) -> 4 | ME52: =IF(OR(AND(MD51=MD52,MD51=MD53,MD51=MD54),AND(MD52=MD51,MD52=MD53),AND(MD52=MD51,MD52=MD54),MD52=MD51),MD52+1,MD52) -> 4 | MF52: 2 | MG52: =MATCH(MF52,$ME$51:$ME$54,0) -> 3 | MH52: =INDEX($LM$51:$LM$54,MG52) -> Suiça
A53: 44888 | B53: 0.54166667 | C53: Espanha | E53: 7 | F53: x | G53: 0 | I53: Costa Rica | J53: Al Thumana | M53: PT | N53: J | O53: V | P53: E | Q53: D | R53: GP | S53: GC | T53: SG | V53: =A51 -> Primeira fase GRUPO E | LM53: Suiça | LN53: =IF(OR(E68="",G68=""),0,IF(LO53=0,0,IF(E68>G68,3,IF(E68=G68,1,0)))+IF(OR(G71="",E71=""),0,IF(G71>E71,3,IF(G71=E71,1,0)))+IF(OR(G72="",E72=""),0,IF(G72>E72,3,IF(E72=G72,1,0)))) -> 6 | LO53: =IF(AND(E68<>"",G68<>""),1,0)+IF(AND(E71<>"",G71<>""),1,0)+IF(AND(E72<>"",G72<>""),1,0) -> 3 | LP53: =IF(OR(E68="",G68=""),0,IF(E68>G68,1,0))+IF(OR(G71="",E71=""),0,IF(G71>E71,1,0))+IF(OR(G72="",E72=""),0,IF(G72>E72,1,0)) -> 2 | LQ53: =IF(OR(E68="",G68=""),0,IF(E68=G68,1,0))+IF(OR(G71="",E71=""),0,IF(G71=E71,1,0))+IF(OR(G72="",E72=""),0,IF(G72=E72,1,0)) -> 0 | LR53: =IF(OR(E68="",G68=""),0,IF(E68<G68,1,0))+IF(OR(G71="",E71=""),0,IF(G71<E71,1,0))+IF(OR(G72="",E72=""),0,IF(G72<E72,1,0)) -> 1 | LS53: =E68+G71+G72 -> 4 | LT53: =G68+E71+E72 -> 3 | LU53: =LS53-LT53 -> 1 | LV53: =LN53 -> 6 | LW53: =LU53/10 -> 0.1 | LX53: =LS53/100 -> 0.04 | LY53: =SUM(LV53:LX53) -> 6.14 | LZ53: =IF(LY53=LY51,IF(G71>E71,0.001,0),0) -> 0 | MA53: =IF(LY53=LY52,IF(G72>E72,0.001,0),0) -> 0 | MB53: =IF(LY53=LY54,IF(E68>G68,0.001,0),0) -> 0 | MC53: =SUM(LY53:MB53) -> 6.14 | MD53: =RANK($MC$53,$MC$51:$MC$54,0) -> 2 | ME53: =IF(OR(AND(MD51=MD52,MD51=MD53,MD51=MD54),AND(MD53=MD51,MD53=MD52)),MD53+2,IF(OR(AND(MD53=MD52,MD53=MD54),MD53=MD51,MD53=MD52),MD53+1,MD53)) -> 2 | MF53: 3 | MG53: =MATCH(MF53,$ME$51:$ME$54,0) -> 4 | MH53: =INDEX($LM$51:$LM$54,MG53) -> Camarões
A54: 44892 | B54: 0.29166667 | C54: Japão | E54: 0 | F54: x | G54: 1 | I54: Costa Rica | J54: Ahmad Bin Ali | L54: ='Resultado Oficial'!MH35 -> Japão | M54: =VLOOKUP(L54,'Resultado Oficial'!$LM$35:$LU$38,2,FALSE) -> 6 | N54: =VLOOKUP(L54,'Resultado Oficial'!$LM$35:$LU$38,3,FALSE) -> 3 | O54: =VLOOKUP(L54,'Resultado Oficial'!$LM$35:$LU$38,4,FALSE) -> 2 | P54: =VLOOKUP(L54,'Resultado Oficial'!$LM$35:$LU$38,5,FALSE) -> 0 | Q54: =VLOOKUP(L54,'Resultado Oficial'!$LM$35:$LU$38,6,FALSE) -> 1 | R54: =VLOOKUP(L54,'Resultado Oficial'!$LM$35:$LU$38,7,FALSE) -> 4 | S54: =VLOOKUP(L54,'Resultado Oficial'!$LM$35:$LU$38,8,FALSE) -> 3 | T54: =VLOOKUP(L54,'Resultado Oficial'!$LM$35:$LU$38,9,FALSE) -> 1 | V54: 1o Colocado | W54: =IF(SUM(N54:N57)<>12,"",L54) -> Japão | LM54: Camarões | LN54: =IF(OR(G68="",E68=""),0,IF(LO54=0,0,IF(G68>E68,3,IF(G68=E68,1,0)))+IF(OR(E70="",G70=""),0,IF(E70>G70,3,IF(E70=G70,1,0)))+IF(OR(E73="",G73=""),0,IF(E73>G73,3,IF(E73=G73,1,0)))) -> 4 | LO54: =IF(AND(E68<>"",G68<>""),1,0)+IF(AND(E70<>"",G70<>""),1,0)+IF(AND(E73<>"",G73<>""),1,0) -> 3 | LP54: =IF(OR(G68="",E68=""),0,IF(G68>E68,1,0))+IF(OR(E70="",G70=""),0,IF(E70>G70,1,0))+IF(OR(E73="",G73=""),0,IF(E73>G73,1,0)) -> 1 | LQ54: =IF(OR(G68="",E68=""),0,IF(G68=E68,1,0))+IF(OR(E70="",G70=""),0,IF(E70=G70,1,0))+IF(OR(E73="",G73=""),0,IF(E73=G73,1,0)) -> 1 | LR54: =IF(OR(G68="",E68=""),0,IF(G68<E68,1,0))+IF(OR(E70="",G70=""),0,IF(E70<G70,1,0))+IF(OR(E73="",G73=""),0,IF(E73<G73,1,0)) -> 1 | LS54: =G68+E70+E73 -> 4 | LT54: =E68+G70+G73 -> 4 | LU54: =LS54-LT54 -> 0 | LV54: =LN54 -> 4 | LW54: =LU54/10 -> 0 | LX54: =LS54/100 -> 0.04 | LY54: =SUM(LV54:LX54) -> 4.04 | LZ54: =IF(LY54=LY51,IF(E73>G73,0.001,0),0) -> 0 | MA54: =IF(LY54=LY52,IF(E70>G70,0.001,0),0) -> 0 | MB54: =IF(LY54=LY53,IF(G68>E68,0.001,0),0) -> 0 | MC54: =SUM(LY54:MB54) -> 4.04 | MD54: =RANK($MC$54,$MC$51:$MC$54,0) -> 3 | ME54: =IF(AND(MD51=MD52,MD51=MD53,MD51=MD54),MD54+3,IF(OR(AND(MD54=MD53,MD54=MD52),AND(MD54=MD52,MD54=MD51)),MD54+2,IF(OR(MD54=MD53,MD54=MD52,MD54=MD51),MD54+1,MD54))) -> 3 | MF54: 4 | MG54: =MATCH(MF54,$ME$51:$ME$54,0) -> 2 | MH54: =INDEX($LM$51:$LM$54,MG54) -> Sérvia
A55: 44892 | B55: 0.66666667 | C55: Espanha | E55: 1 | F55: x | G55: 1 | I55: Alemanha | J55: Al Bayt | L55: ='Resultado Oficial'!MH36 -> Espanha | M55: =VLOOKUP(L55,'Resultado Oficial'!$LM$35:$LU$38,2,FALSE) -> 4 | N55: =VLOOKUP(L55,'Resultado Oficial'!$LM$35:$LU$38,3,FALSE) -> 3 | O55: =VLOOKUP(L55,'Resultado Oficial'!$LM$35:$LU$38,4,FALSE) -> 1 | P55: =VLOOKUP(L55,'Resultado Oficial'!$LM$35:$LU$38,5,FALSE) -> 1 | Q55: =VLOOKUP(L55,'Resultado Oficial'!$LM$35:$LU$38,6,FALSE) -> 1 | R55: =VLOOKUP(L55,'Resultado Oficial'!$LM$35:$LU$38,7,FALSE) -> 9 | S55: =VLOOKUP(L55,'Resultado Oficial'!$LM$35:$LU$38,8,FALSE) -> 3 | T55: =VLOOKUP(L55,'Resultado Oficial'!$LM$35:$LU$38,9,FALSE) -> 6 | V55: 2o Colocado | W55: =IF(SUM(N54:N57)<>12,"",L55) -> Espanha
A56: 44896 | B56: 0.66666667 | C56: Japão | E56: 2 | F56: x | G56: 1 | I56: Espanha | J56: Intern. Khalifa | L56: ='Resultado Oficial'!MH37 -> Alemanha | M56: =VLOOKUP(L56,'Resultado Oficial'!$LM$35:$LU$38,2,FALSE) -> 4 | N56: =VLOOKUP(L56,'Resultado Oficial'!$LM$35:$LU$38,3,FALSE) -> 3 | O56: =VLOOKUP(L56,'Resultado Oficial'!$LM$35:$LU$38,4,FALSE) -> 1 | P56: =VLOOKUP(L56,'Resultado Oficial'!$LM$35:$LU$38,5,FALSE) -> 1 | Q56: =VLOOKUP(L56,'Resultado Oficial'!$LM$35:$LU$38,6,FALSE) -> 1 | R56: =VLOOKUP(L56,'Resultado Oficial'!$LM$35:$LU$38,7,FALSE) -> 6 | S56: =VLOOKUP(L56,'Resultado Oficial'!$LM$35:$LU$38,8,FALSE) -> 5 | T56: =VLOOKUP(L56,'Resultado Oficial'!$LM$35:$LU$38,9,FALSE) -> 1
A57: 44896 | B57: 0.66666667 | C57: Costa Rica | E57: 2 | F57: x | G57: 4 | I57: Alemanha | J57: Al Bayt | L57: ='Resultado Oficial'!MH38 -> Costa Rica | M57: =VLOOKUP(L57,'Resultado Oficial'!$LM$35:$LU$38,2,FALSE) -> 3 | N57: =VLOOKUP(L57,'Resultado Oficial'!$LM$35:$LU$38,3,FALSE) -> 3 | O57: =VLOOKUP(L57,'Resultado Oficial'!$LM$35:$LU$38,4,FALSE) -> 1 | P57: =VLOOKUP(L57,'Resultado Oficial'!$LM$35:$LU$38,5,FALSE) -> 0 | Q57: =VLOOKUP(L57,'Resultado Oficial'!$LM$35:$LU$38,6,FALSE) -> 2 | R57: =VLOOKUP(L57,'Resultado Oficial'!$LM$35:$LU$38,7,FALSE) -> 3 | S57: =VLOOKUP(L57,'Resultado Oficial'!$LM$35:$LU$38,8,FALSE) -> 11 | T57: =VLOOKUP(L57,'Resultado Oficial'!$LM$35:$LU$38,9,FALSE) -> -8 | LN57: Grupo H
LM58: Seleção | LN58: PT | LO58: J | LP58: V | LQ58: E | LR58: D | LS58: GP | LT58: GC | LU58: SG
A59: Primeira fase GRUPO F | LM59: Portugal | LN59: =IF(OR(E77="",G77=""),0,IF(LO59=0,0,IF(E77>G77,3,IF(E77=G77,1,0)))+IF(OR(E79="",G79=""),0,IF(E79>G79,3,IF(E79=G79,1,0)))+IF(OR(G81="",E81=""),0,IF(G81>E81,3,IF(G81=E81,1,0)))) -> 6 | LO59: =IF(AND(E77<>"",G77<>""),1,0)+IF(AND(E79<>"",G79<>""),1,0)+IF(AND(E81<>"",G81<>""),1,0) -> 3 | LP59: =IF(OR(E77="",G77=""),0,IF(E77>G77,1,0))+IF(OR(E79="",G79=""),0,IF(E79>G79,1,0))+IF(OR(G81="",E81=""),0,IF(G81>E81,1,0)) -> 2 | LQ59: =IF(OR(E77="",G77=""),0,IF(E77=G77,1,0))+IF(OR(E79="",G79=""),0,IF(E79=G79,1,0))+IF(OR(G81="",E81=""),0,IF(G81=E81,1,0)) -> 0 | LR59: =IF(OR(E77="",G77=""),0,IF(E77<G77,1,0))+IF(OR(E79="",G79=""),0,IF(E79<G79,1,0))+IF(OR(G81="",E81=""),0,IF(G81<E81,1,0)) -> 1 | LS59: =E77+E79+G81 -> 6 | LT59: =G77+G79+E81 -> 4 | LU59: =LS59-LT59 -> 2 | LV59: =LN59 -> 6 | LW59: =LU59/10 -> 0.2 | LX59: =LS59/100 -> 0.06 | LY59: =SUM(LV59:LX59) -> 6.26 | LZ59: =IF(LY59=LY60,IF(E77>G77,0.001,0),0) -> 0 | MA59: =IF(LY59=LY61,IF(E79>G79,0.001,0),0) -> 0 | MB59: =IF(LY59=LY62,IF(G81>E81,0.001,0),0) -> 0 | MC59: =SUM(LY59:MB59) -> 6.26 | MD59: =RANK($MC$59,$MC$59:$MC$62,0) -> 1 | ME59: =MD59 -> 1 | MF59: 1 | MG59: =MATCH(MF59,$ME$59:$ME$62,0) -> 1 | MH59: =INDEX($LM$59:$LM$62,MG59) -> Portugal
A60: 44888 | B60: 0.29166667 | C60: Marrocos | E60: 0 | F60: x | G60: 0 | I60: Croácia | J60: Al Bayt | L60: Classificação do grupo F | LM60: Gana | LN60: =IF(OR(G77="",E77=""),0,IF(LO60=0,0,IF(G77>E77,3,IF(G77=E77,1,0)))+IF(OR(G78="",E78=""),0,IF(G78>E78,3,IF(G78=E78,1,0)))+IF(OR(G80="",E80=""),0,IF(E80>G80,3,IF(E80=G80,1,0)))) -> 3 | LO60: =IF(AND(E77<>"",G77<>""),1,0)+IF(AND(E78<>"",G78<>""),1,0)+IF(AND(E80<>"",G80<>""),1,0) -> 3 | LP60: =IF(OR(G77="",E77=""),0,IF(G77>E77,1,0))+IF(OR(G78="",E78=""),0,IF(G78>E78,1,0))+IF(OR(E80="",G80=""),0,IF(E80>G80,1,0)) -> 1 | LQ60: =IF(OR(G77="",E77=""),0,IF(G77=E77,1,0))+IF(OR(G78="",E78=""),0,IF(G78=E78,1,0))+IF(OR(E80="",G80=""),0,IF(E80=G80,1,0)) -> 0 | LR60: =IF(OR(G77="",E77=""),0,IF(G77<E77,1,0))+IF(OR(G78="",E78=""),0,IF(G78<E78,1,0))+IF(OR(E80="",G80=""),0,IF(E80<G80,1,0)) -> 2 | LS60: =G77+G78+E80 -> 5 | LT60: =E77+E78+G80 -> 7 | LU60: =LS60-LT60 -> -2 | LV60: =LN60 -> 3 | LW60: =LU60/10 -> -0.2 | LX60: =LS60/100 -> 0.05 | LY60: =SUM(LV60:LX60) -> 2.85 | LZ60: =IF(LY60=LY59,IF(G77>E77,0.001,0),0) -> 0 | MA60: =IF(LY60=LY61,IF(E80>G80,0.001,0),0) -> 0 | MB60: =IF(LY60=LY62,IF(G78>E78,0.001,0),0) -> 0 | MC60: =SUM(LY60:MB60) -> 2.85 | MD60: =RANK($MC$60,$MC$59:$MC$62,0) -> 4 | ME60: =IF(OR(AND(MD59=MD60,MD59=MD61,MD59=MD62),AND(MD60=MD59,MD60=MD61),AND(MD60=MD59,MD60=MD62),MD60=MD59),MD60+1,MD60) -> 4 | MF60: 2 | MG60: =MATCH(MF60,$ME$59:$ME$62,0) -> 4 | MH60: =INDEX($LM$59:$LM$62,MG60) -> Coréia do Sul
A61: 44888 | B61: 0.66666667 | C61: Bélgica | E61: 1 | F61: x | G61: 0 | I61: Canadá | J61: Al Rayan | M61: PT | N61: J | O61: V | P61: E | Q61: D | R61: GP | S61: GC | T61: SG | V61: =A59 -> Primeira fase GRUPO F | LM61: Uruguai | LN61: =IF(OR(E76="",G76=""),0,IF(LO61=0,0,IF(E76>G76,3,IF(E76=G76,1,0)))+IF(OR(G79="",E79=""),0,IF(G79>E79,3,IF(G79=E79,1,0)))+IF(OR(G80="",E80=""),0,IF(G80>E80,3,IF(E80=G80,1,0)))) -> 4 | LO61: =IF(AND(E76<>"",G76<>""),1,0)+IF(AND(E79<>"",G79<>""),1,0)+IF(AND(E80<>"",G80<>""),1,0) -> 3 | LP61: =IF(OR(E76="",G76=""),0,IF(E76>G76,1,0))+IF(OR(G79="",E79=""),0,IF(G79>E79,1,0))+IF(OR(G80="",E80=""),0,IF(G80>E80,1,0)) -> 1 | LQ61: =IF(OR(E76="",G76=""),0,IF(E76=G76,1,0))+IF(OR(G79="",E79=""),0,IF(G79=E79,1,0))+IF(OR(G80="",E80=""),0,IF(G80=E80,1,0)) -> 1 | LR61: =IF(OR(E76="",G76=""),0,IF(E76<G76,1,0))+IF(OR(G79="",E79=""),0,IF(G79<E79,1,0))+IF(OR(G80="",E80=""),0,IF(G80<E80,1,0)) -> 1 | LS61: =E76+G79+G80 -> 2 | LT61: =G76+E79+E80 -> 2 | LU61: =LS61-LT61 -> 0 | LV61: =LN61 -> 4 | LW61: =LU61/10 -> 0 | LX61: =LS61/100 -> 0.02 | LY61: =SUM(LV61:LX61) -> 4.02 | LZ61: =IF(LY61=LY59,IF(G79>E79,0.001,0),0) -> 0 | MA61: =IF(LY61=LY60,IF(G80>E80,0.001,0),0) -> 0 | MB61: =IF(LY61=LY62,IF(E76>G76,0.001,0),0) -> 0 | MC61: =SUM(LY61:MB61) -> 4.02 | MD61: =RANK($MC$61,$MC$59:$MC$62,0) -> 3 | ME61: =IF(OR(AND(MD59=MD60,MD59=MD61,MD59=MD62),AND(MD61=MD59,MD61=MD60)),MD61+2,IF(OR(AND(MD61=MD60,MD61=MD62),MD61=MD59,MD61=MD60),MD61+1,MD61)) -> 3 | MF61: 3 | MG61: =MATCH(MF61,$ME$59:$ME$62,0) -> 3 | MH61: =INDEX($LM$59:$LM$62,MG61) -> Uruguai
A62: 44892 | B62: 0.41666667 | C62: Bélgica | E62: 0 | F62: x | G62: 2 | I62: Marrocos | J62: Al Thumana | L62: ='Resultado Oficial'!MH43 -> Marrocos | M62: =VLOOKUP(L62,'Resultado Oficial'!$LM$43:$LU$46,2,FALSE) -> 7 | N62: =VLOOKUP(L62,'Resultado Oficial'!$LM$43:$LU$46,3,FALSE) -> 3 | O62: =VLOOKUP(L62,'Resultado Oficial'!$LM$43:$LU$46,4,FALSE) -> 2 | P62: =VLOOKUP(L62,'Resultado Oficial'!$LM$43:$LU$46,5,FALSE) -> 1 | Q62: =VLOOKUP(L62,'Resultado Oficial'!$LM$43:$LU$46,6,FALSE) -> 0 | R62: =VLOOKUP(L62,'Resultado Oficial'!$LM$43:$LU$46,7,FALSE) -> 4 | S62: =VLOOKUP(L62,'Resultado Oficial'!$LM$43:$LU$46,8,FALSE) -> 1 | T62: =VLOOKUP(L62,'Resultado Oficial'!$LM$43:$LU$46,9,FALSE) -> 3 | V62: 1o Colocado | W62: =IF(SUM(N62:N65)<>12,"",L62) -> Marrocos | LM62: Coréia do Sul | LN62: =IF(OR(G76="",E76=""),0,IF(LO62=0,0,IF(G76>E76,3,IF(G76=E76,1,0)))+IF(OR(E78="",G78=""),0,IF(E78>G78,3,IF(E78=G78,1,0)))+IF(OR(E81="",G81=""),0,IF(E81>G81,3,IF(E81=G81,1,0)))) -> 4 | LO62: =IF(AND(E76<>"",G76<>""),1,0)+IF(AND(E78<>"",G78<>""),1,0)+IF(AND(E81<>"",G81<>""),1,0) -> 3 | LP62: =IF(OR(G76="",E76=""),0,IF(G76>E76,1,0))+IF(OR(E78="",G78=""),0,IF(E78>G78,1,0))+IF(OR(E81="",G81=""),0,IF(E81>G81,1,0)) -> 1 | LQ62: =IF(OR(G76="",E76=""),0,IF(G76=E76,1,0))+IF(OR(E78="",G78=""),0,IF(E78=G78,1,0))+IF(OR(E81="",G81=""),0,IF(E81=G81,1,0)) -> 1 | LR62: =IF(OR(G76="",E76=""),0,IF(G76<E76,1,0))+IF(OR(E78="",G78=""),0,IF(E78<G78,1,0))+IF(OR(E81="",G81=""),0,IF(E81<G81,1,0)) -> 1 | LS62: =G76+E78+E81 -> 4 | LT62: =E76+G78+G81 -> 4 | LU62: =LS62-LT62 -> 0 | LV62: =LN62 -> 4 | LW62: =LU62/10 -> 0 | LX62: =LS62/100 -> 0.04 | LY62: =SUM(LV62:LX62) -> 4.04 | LZ62: =IF(LY62=LY59,IF(E81>G81,0.001,0),0) -> 0 | MA62: =IF(LY62=LY60,IF(E78>G78,0.001,0),0) -> 0 | MB62: =IF(LY62=LY61,IF(G76>E76,0.001,0),0) -> 0 | MC62: =SUM(LY62:MB62) -> 4.04 | MD62: =RANK($MC$62,$MC$59:$MC$62,0) -> 2 | ME62: =IF(AND(MD59=MD60,MD59=MD61,MD59=MD62),MD62+3,IF(OR(AND(MD62=MD61,MD62=MD60),AND(MD62=MD60,MD62=MD59)),MD62+2,IF(OR(MD62=MD61,MD62=MD60,MD62=MD59),MD62+1,MD62))) -> 2 | MF62: 4 | MG62: =MATCH(MF62,$ME$59:$ME$62,0) -> 2 | MH62: =INDEX($LM$59:$LM$62,MG62) -> Gana
A63: 44892 | B63: 0.54166667 | C63: Croácia | E63: 4 | F63: x | G63: 1 | I63: Canadá | J63: Intern. Khalifa | L63: ='Resultado Oficial'!MH44 -> Croácia | M63: =VLOOKUP(L63,'Resultado Oficial'!$LM$43:$LU$46,2,FALSE) -> 5 | N63: =VLOOKUP(L63,'Resultado Oficial'!$LM$43:$LU$46,3,FALSE) -> 3 | O63: =VLOOKUP(L63,'Resultado Oficial'!$LM$43:$LU$46,4,FALSE) -> 1 | P63: =VLOOKUP(L63,'Resultado Oficial'!$LM$43:$LU$46,5,FALSE) -> 2 | Q63: =VLOOKUP(L63,'Resultado Oficial'!$LM$43:$LU$46,6,FALSE) -> 0 | R63: =VLOOKUP(L63,'Resultado Oficial'!$LM$43:$LU$46,7,FALSE) -> 4 | S63: =VLOOKUP(L63,'Resultado Oficial'!$LM$43:$LU$46,8,FALSE) -> 1 | T63: =VLOOKUP(L63,'Resultado Oficial'!$LM$43:$LU$46,9,FALSE) -> 3 | V63: 2o Colocado | W63: =IF(SUM(N62:N65)<>12,"",L63) -> Croácia
A64: 44896 | B64: 0.5 | C64: Croácia | E64: 0 | F64: x | G64: 0 | I64: Bélgica | J64: Al Rayan | L64: ='Resultado Oficial'!MH45 -> Bélgica | M64: =VLOOKUP(L64,'Resultado Oficial'!$LM$43:$LU$46,2,FALSE) -> 4 | N64: =VLOOKUP(L64,'Resultado Oficial'!$LM$43:$LU$46,3,FALSE) -> 3 | O64: =VLOOKUP(L64,'Resultado Oficial'!$LM$43:$LU$46,4,FALSE) -> 1 | P64: =VLOOKUP(L64,'Resultado Oficial'!$LM$43:$LU$46,5,FALSE) -> 1 | Q64: =VLOOKUP(L64,'Resultado Oficial'!$LM$43:$LU$46,6,FALSE) -> 1 | R64: =VLOOKUP(L64,'Resultado Oficial'!$LM$43:$LU$46,7,FALSE) -> 1 | S64: =VLOOKUP(L64,'Resultado Oficial'!$LM$43:$LU$46,8,FALSE) -> 2 | T64: =VLOOKUP(L64,'Resultado Oficial'!$LM$43:$LU$46,9,FALSE) -> -1
A65: 44896 | B65: 0.5 | C65: Canadá | E65: 1 | F65: x | G65: 2 | I65: Marrocos | J65: Al Thumana | L65: ='Resultado Oficial'!MH46 -> Canadá | M65: =VLOOKUP(L65,'Resultado Oficial'!$LM$43:$LU$46,2,FALSE) -> 0 | N65: =VLOOKUP(L65,'Resultado Oficial'!$LM$43:$LU$46,3,FALSE) -> 3 | O65: =VLOOKUP(L65,'Resultado Oficial'!$LM$43:$LU$46,4,FALSE) -> 0 | P65: =VLOOKUP(L65,'Resultado Oficial'!$LM$43:$LU$46,5,FALSE) -> 0 | Q65: =VLOOKUP(L65,'Resultado Oficial'!$LM$43:$LU$46,6,FALSE) -> 3 | R65: =VLOOKUP(L65,'Resultado Oficial'!$LM$43:$LU$46,7,FALSE) -> 2 | S65: =VLOOKUP(L65,'Resultado Oficial'!$LM$43:$LU$46,8,FALSE) -> 7 | T65: =VLOOKUP(L65,'Resultado Oficial'!$LM$43:$LU$46,9,FALSE) -> -5
A67: Primeira fase GRUPO G
A68: 44889 | B68: 0.29166667 | C68: Suiça | E68: 1 | F68: x | G68: 0 | I68: Camarões | J68: Al Janoub | L68: Classificação do grupo G
A69: 44889 | B69: 0.66666667 | C69: Brasil | E69: 2 | F69: x | G69: 0 | I69: Sérvia | J69: Lusail | M69: PT | N69: J | O69: V | P69: E | Q69: D | R69: GP | S69: GC | T69: SG | V69: =A67 -> Primeira fase GRUPO G
A70: 44893 | B70: 0.29166667 | C70: Camarões | E70: 3 | F70: x | G70: 3 | I70: Sérvia | J70: Al Janoub | L70: ='Resultado Oficial'!MH51 -> Brasil | M70: =VLOOKUP(L70,'Resultado Oficial'!$LM$51:$LU$54,2,FALSE) -> 6 | N70: =VLOOKUP(L70,'Resultado Oficial'!$LM$51:$LU$54,3,FALSE) -> 3 | O70: =VLOOKUP(L70,'Resultado Oficial'!$LM$51:$LU$54,4,FALSE) -> 2 | P70: =VLOOKUP(L70,'Resultado Oficial'!$LM$51:$LU$54,5,FALSE) -> 0 | Q70: =VLOOKUP(L70,'Resultado Oficial'!$LM$51:$LU$54,6,FALSE) -> 1 | R70: =VLOOKUP(L70,'Resultado Oficial'!$LM$51:$LU$54,7,FALSE) -> 3 | S70: =VLOOKUP(L70,'Resultado Oficial'!$LM$51:$LU$54,8,FALSE) -> 1 | T70: =VLOOKUP(L70,'Resultado Oficial'!$LM$51:$LU$54,9,FALSE) -> 2 | V70: 1o Colocado | W70: =IF(SUM(N70:N73)<>12,"",L70) -> Brasil
A71: 44893 | B71: 0.54166667 | C71: Brasil | E71: 1 | F71: x | G71: 0 | I71: Suiça | J71: Estádio 974 | L71: ='Resultado Oficial'!MH52 -> Suiça | M71: =VLOOKUP(L71,'Resultado Oficial'!$LM$51:$LU$54,2,FALSE) -> 6 | N71: =VLOOKUP(L71,'Resultado Oficial'!$LM$51:$LU$54,3,FALSE) -> 3 | O71: =VLOOKUP(L71,'Resultado Oficial'!$LM$51:$LU$54,4,FALSE) -> 2 | P71: =VLOOKUP(L71,'Resultado Oficial'!$LM$51:$LU$54,5,FALSE) -> 0 | Q71: =VLOOKUP(L71,'Resultado Oficial'!$LM$51:$LU$54,6,FALSE) -> 1 | R71: =VLOOKUP(L71,'Resultado Oficial'!$LM$51:$LU$54,7,FALSE) -> 4 | S71: =VLOOKUP(L71,'Resultado Oficial'!$LM$51:$LU$54,8,FALSE) -> 3 | T71: =VLOOKUP(L71,'Resultado Oficial'!$LM$51:$LU$54,9,FALSE) -> 1 | V71: 2o Colocado | W71: =IF(SUM(N70:N73)<>12,"",L71) -> Suiça
A72: 44897 | B72: 0.66666667 | C72: Sérvia | E72: 2 | F72: x | G72: 3 | I72: Suiça | J72: Estádio 974 | L72: ='Resultado Oficial'!MH53 -> Camarões | M72: =VLOOKUP(L72,'Resultado Oficial'!$LM$51:$LU$54,2,FALSE) -> 4 | N72: =VLOOKUP(L72,'Resultado Oficial'!$LM$51:$LU$54,3,FALSE) -> 3 | O72: =VLOOKUP(L72,'Resultado Oficial'!$LM$51:$LU$54,4,FALSE) -> 1 | P72: =VLOOKUP(L72,'Resultado Oficial'!$LM$51:$LU$54,5,FALSE) -> 1 | Q72: =VLOOKUP(L72,'Resultado Oficial'!$LM$51:$LU$54,6,FALSE) -> 1 | R72: =VLOOKUP(L72,'Resultado Oficial'!$LM$51:$LU$54,7,FALSE) -> 4 | S72: =VLOOKUP(L72,'Resultado Oficial'!$LM$51:$LU$54,8,FALSE) -> 4 | T72: =VLOOKUP(L72,'Resultado Oficial'!$LM$51:$LU$54,9,FALSE) -> 0
A73: 44897 | B73: 0.66666667 | C73: Camarões | E73: 1 | F73: x | G73: 0 | I73: Brasil | J73: Lusail | L73: ='Resultado Oficial'!MH54 -> Sérvia | M73: =VLOOKUP(L73,'Resultado Oficial'!$LM$51:$LU$54,2,FALSE) -> 1 | N73: =VLOOKUP(L73,'Resultado Oficial'!$LM$51:$LU$54,3,FALSE) -> 3 | O73: =VLOOKUP(L73,'Resultado Oficial'!$LM$51:$LU$54,4,FALSE) -> 0 | P73: =VLOOKUP(L73,'Resultado Oficial'!$LM$51:$LU$54,5,FALSE) -> 1 | Q73: =VLOOKUP(L73,'Resultado Oficial'!$LM$51:$LU$54,6,FALSE) -> 2 | R73: =VLOOKUP(L73,'Resultado Oficial'!$LM$51:$LU$54,7,FALSE) -> 5 | S73: =VLOOKUP(L73,'Resultado Oficial'!$LM$51:$LU$54,8,FALSE) -> 8 | T73: =VLOOKUP(L73,'Resultado Oficial'!$LM$51:$LU$54,9,FALSE) -> -3
A75: Primeira fase GRUPO H
A76: 44889 | B76: 0.41666667 | C76: Uruguai | E76: 0 | F76: x | G76: 0 | I76: Coréia do Sul | J76: Cid. da Educ. | L76: Classificação do grupo H
A77: 44889 | B77: 0.54166667 | C77: Portugal | E77: 3 | F77: x | G77: 2 | I77: Gana | J77: Estádio 974 | M77: PT | N77: J | O77: V | P77: E | Q77: D | R77: GP | S77: GC | T77: SG | V77: =A75 -> Primeira fase GRUPO H
A78: 44893 | B78: 0.41666667 | C78: Coréia do Sul | E78: 2 | F78: x | G78: 3 | I78: Gana | J78: Cid. da Educ. | L78: ='Resultado Oficial'!MH59 -> Portugal | M78: =VLOOKUP(L78,'Resultado Oficial'!$LM$59:$LU$62,2,FALSE) -> 6 | N78: =VLOOKUP(L78,'Resultado Oficial'!$LM$59:$LU$62,3,FALSE) -> 3 | O78: =VLOOKUP(L78,'Resultado Oficial'!$LM$59:$LU$62,4,FALSE) -> 2 | P78: =VLOOKUP(L78,'Resultado Oficial'!$LM$59:$LU$62,5,FALSE) -> 0 | Q78: =VLOOKUP(L78,'Resultado Oficial'!$LM$59:$LU$62,6,FALSE) -> 1 | R78: =VLOOKUP(L78,'Resultado Oficial'!$LM$59:$LU$62,7,FALSE) -> 6 | S78: =VLOOKUP(L78,'Resultado Oficial'!$LM$59:$LU$62,8,FALSE) -> 4 | T78: =VLOOKUP(L78,'Resultado Oficial'!$LM$59:$LU$62,9,FALSE) -> 2 | V78: 1o Colocado | W78: =IF(SUM(N78:N81)<>12,"",L78) -> Portugal
A79: 44893 | B79: 0.66666667 | C79: Portugal | E79: 2 | F79: x | G79: 0 | I79: Uruguai | J79: Lusail | L79: ='Resultado Oficial'!MH60 -> Coréia do Sul | M79: =VLOOKUP(L79,'Resultado Oficial'!$LM$59:$LU$62,2,FALSE) -> 4 | N79: =VLOOKUP(L79,'Resultado Oficial'!$LM$59:$LU$62,3,FALSE) -> 3 | O79: =VLOOKUP(L79,'Resultado Oficial'!$LM$59:$LU$62,4,FALSE) -> 1 | P79: =VLOOKUP(L79,'Resultado Oficial'!$LM$59:$LU$62,5,FALSE) -> 1 | Q79: =VLOOKUP(L79,'Resultado Oficial'!$LM$59:$LU$62,6,FALSE) -> 1 | R79: =VLOOKUP(L79,'Resultado Oficial'!$LM$59:$LU$62,7,FALSE) -> 4 | S79: =VLOOKUP(L79,'Resultado Oficial'!$LM$59:$LU$62,8,FALSE) -> 4 | T79: =VLOOKUP(L79,'Resultado Oficial'!$LM$59:$LU$62,9,FALSE) -> 0 | V79: 2o Colocado | W79: =IF(SUM(N78:N81)<>12,"",L79) -> Coréia do Sul
A80: 44897 | B80: 0.5 | C80: Gana | E80: 0 | F80: x | G80: 2 | I80: Uruguai | J80: Al Janoub | L80: ='Resultado Oficial'!MH61 -> Uruguai | M80: =VLOOKUP(L80,'Resultado Oficial'!$LM$59:$LU$62,2,FALSE) -> 4 | N80: =VLOOKUP(L80,'Resultado Oficial'!$LM$59:$LU$62,3,FALSE) -> 3 | O80: =VLOOKUP(L80,'Resultado Oficial'!$LM$59:$LU$62,4,FALSE) -> 1 | P80: =VLOOKUP(L80,'Resultado Oficial'!$LM$59:$LU$62,5,FALSE) -> 1 | Q80: =VLOOKUP(L80,'Resultado Oficial'!$LM$59:$LU$62,6,FALSE) -> 1 | R80: =VLOOKUP(L80,'Resultado Oficial'!$LM$59:$LU$62,7,FALSE) -> 2 | S80: =VLOOKUP(L80,'Resultado Oficial'!$LM$59:$LU$62,8,FALSE) -> 2 | T80: =VLOOKUP(L80,'Resultado Oficial'!$LM$59:$LU$62,9,FALSE) -> 0
A81: 44897 | B81: 0.5 | C81: Coréia do Sul | E81: 2 | F81: x | G81: 1 | I81: Portugal | J81: Cid. da Educ. | L81: ='Resultado Oficial'!MH62 -> Gana | M81: =VLOOKUP(L81,'Resultado Oficial'!$LM$59:$LU$62,2,FALSE) -> 3 | N81: =VLOOKUP(L81,'Resultado Oficial'!$LM$59:$LU$62,3,FALSE) -> 3 | O81: =VLOOKUP(L81,'Resultado Oficial'!$LM$59:$LU$62,4,FALSE) -> 1 | P81: =VLOOKUP(L81,'Resultado Oficial'!$LM$59:$LU$62,5,FALSE) -> 0 | Q81: =VLOOKUP(L81,'Resultado Oficial'!$LM$59:$LU$62,6,FALSE) -> 2 | R81: =VLOOKUP(L81,'Resultado Oficial'!$LM$59:$LU$62,7,FALSE) -> 5 | S81: =VLOOKUP(L81,'Resultado Oficial'!$LM$59:$LU$62,8,FALSE) -> 7 | T81: =VLOOKUP(L81,'Resultado Oficial'!$LM$59:$LU$62,9,FALSE) -> -2
I83: até aqui foram 48 jogos
A84: Oitavas de final | E84: Tempo normal
A85: 44898 | B85: 0.5 | C85: =IF(N22=3,L22,"1º do grupo A") -> Holanda | E85: 3 | F85: x | G85: 1 | I85: =IF(N31=3,L31,"2º do grupo B") -> Estados Unidos | J85: Intern. Khalifa | K85: 49
A86: 44898 | B86: 0.66666667 | C86: =IF(N38=3,L38,"1º do grupo C") -> Argentina | E86: 2 | F86: x | G86: 1 | I86: =IF(N47=3,L47,"2º do grupo D") -> Austrália | J86: Ahmad Bin Ali | K86: 50
A87: 44899 | B87: 0.5 | C87: =IF(N30=3,L30,"1º do grupo B") -> Inglaterra | E87: 3 | F87: x | G87: 0 | I87: =IF(N23=3,L23,"2º do grupo A") -> Senegal | J87: Al Janoub | K87: 51
A88: 44899 | B88: 0.66666667 | C88: =IF(N46=3,L46,"1º do grupo D") -> França | E88: 3 | F88: x | G88: 1 | I88: =IF(N39=3,L39,"2º do grupo C") -> Polônia | J88: Estadio 974 | K88: 52
A89: 44900 | B89: 0.66666667 | C89: =IF(N54=3,L54,"1º do grupo E") -> Japão | D89: 1 | E89: 1 | F89: x | G89: 1 | H89: 3 | I89: =IF(N63=3,L63,"2º do grupo F") -> Croácia | J89: Al Bayt | K89: 53
A90: 44900 | B90: 0.5 | C90: =IF(N70=3,L70,"1º do grupo G") -> Brasil | E90: 4 | F90: x | G90: 1 | I90: =IF(N78=3,L79,"2º do grupo H") -> Coréia do Sul | J90: Al Thumana | K90: 54 | L90: =IF(N79=3,L79,"2º do grupo H") -> Coréia do Sul
A91: 44901 | B91: 0.5 | C91: =IF(N62=3,L62,"1º do grupo F") -> Marrocos | D91: 3 | E91: 0 | F91: x | G91: 0 | H91: 0 | I91: =IF(N55=3,L55,"2º do grupo E") -> Espanha | J91: Cid. da Edu. | K91: 55
A92: 44901 | B92: 0.66666667 | C92: =IF(N78=3,L78,"1º do grupo H") -> Portugal | E92: 6 | F92: x | G92: 1 | I92: =IF(N71=3,L71,"2º do grupo G") -> Suiça | J92: Lusail | K92: 56
A94: Quartas de final
A95: 44904 | B95: 0.66666667 | C95: =IF(OR(E85="",G85="",AND(E85=G85,OR(D85="",H85=""))),"Vencedor do 49",IF(E85=G85,IF(D85>H85,C85,I85),IF(E85>G85,C85,I85))) -> Holanda | D95: 3 | E95: 2 | F95: x | G95: 2 | H95: 4 | I95: =IF(OR(G86="",E86="",AND(G86=E86,OR(H86="",D86=""))),"Vencedor do 50",IF(G86=E86,IF(H86>D86,I86,C86),IF(G86>E86,I86,C86))) -> Argentina | J95: Lusail | K95: 57 | M95: =IF(OR($E$108="",$G$108="",AND($E$108=$G$108,OR($D$108="",$H$108=""))),"",IF($E$108=$G$108,IF($D$108>$H$108,$C$108,$I$108),IF($E$108>$G$108,$C$108,$I$108))) -> Argentina
A96: 44904 | B96: 0.5 | C96: =IF(OR(E89="",G89="",AND(E89=G89,OR(D89="",H89=""))),"Vencedor do 51",IF(E89=G89,IF(D89>H89,C89,I89),IF(E89>G89,C89,I89))) -> Croácia | D96: 4 | E96: 1 | F96: x | G96: 1 | H96: 2 | I96: =IF(OR(G90="",E90="",AND(G90=E90,OR(H90="",D90=""))),"Vencedor do 52",IF(G90=E90,IF(H90>D90,I90,C90),IF(G90>E90,I90,C90))) -> Brasil | J96: Cid. da Edu. | K96: 58
A97: 44905 | B97: 0.66666667 | C97: =IF(OR(E87="",G87="",AND(E87=G87,OR(D87="",H87=""))),"Vencedor do 53",IF(E87=G87,IF(D87>H87,C87,I87),IF(E87>G87,C87,I87))) -> Inglaterra | E97: 0 | F97: x | G97: 1 | I97: =IF(OR(G88="",E88="",AND(G88=E88,OR(H88="",D88=""))),"Vencedor do 54",IF(G88=E88,IF(H88>D88,I88,C88),IF(G88>E88,I88,C88))) -> França | J97: Al Bayt | K97: 59 | M97: =IF(M95=""," ","A Seleção campeã da Copa do Mundo, de 2022") -> A Seleção campeã da Copa do Mundo, de 2022
A98: 44905 | B98: 0.5 | C98: =IF(OR(E91="",G91="",AND(E91=G91,OR(D91="",H91=""))),"Vencedor do 55",IF(E91=G91,IF(D91>H91,C91,I91),IF(E91>G91,C91,I91))) -> Marrocos | E98: 1 | F98: x | G98: 0 | I98: =IF(OR(G92="",E92="",AND(G92=E92,OR(H92="",D92=""))),"Vencedor do 56",IF(G92=E92,IF(H92>D92,I92,C92),IF(G92>E92,I92,C92))) -> Portugal | J98: Al Thumana | K98: 60
A100: Semifinal
A101: 44908 | B101: 0.66666667 | C101: =IF(OR(E95="",G95="",AND(E95=G95,OR(D95="",H95=""))),"Vencedor do 57",IF(E95=G95,IF(D95>H95,C95,I95),IF(E95>G95,C95,I95))) -> Argentina | E101: 3 | F101: x | G101: 0 | I101: =IF(OR(G96="",E96="",AND(G96=E96,OR(H96="",D96=""))),"Vencedor do 58",IF(G96=E96,IF(H96>D96,I96,C96),IF(G96>E96,I96,C96))) -> Croácia | J101: Lusail | K101: 61
A102: 44909 | B102: 0.66666667 | C102: =IF(OR(E97="",G97="",AND(E97=G97,OR(D97="",H97=""))),"Vencedor do 59",IF(E97=G97,IF(D97>H97,C97,I97),IF(E97>G97,C97,I97))) -> França | E102: 2 | F102: x | G102: 0 | I102: =IF(OR(G98="",E98="",AND(G98=E98,OR(H98="",D98=""))),"Vencedor do 60",IF(G98=E98,IF(H98>D98,I98,C98),IF(G98>E98,I98,C98))) -> Marrocos | J102: Al Bayt | K102: 62
A104: Decisão do terceiro lugar
A105: 44912 | B105: 0.5 | C105: =IF(OR(E101="",G101="",AND(E101=G101,OR(D101="",H101="")))," ",IF(E101=G101,IF(D101<H101,C101,I101),IF(E101<G101,C101,I101))) -> Croácia | E105: 2 | F105: x | G105: 1 | I105: =IF(OR(G102="",E102="",AND(G102=E102,OR(H102="",D102="")))," ",IF(G102=E102,IF(H102<D102,I102,C102),IF(G102<E102,I102,C102))) -> Marrocos | J105: Intern. Khalifa | K105: 63
A107: Decisão da copa de 2022 - Qatar
A108: 44913 | B108: 0.5 | C108: =IF(OR(E101="",G101="",AND(E101=G101,OR(D101="",H101="")))," ",IF(E101=G101,IF(D101>H101,C101,I101),IF(E101>G101,C101,I101))) -> Argentina | D108: 4 | E108: 3 | F108: x | G108: 3 | H108: 2 | I108: =IF(OR(G102="",E102="",AND(G102=E102,OR(H102="",D102="")))," ",IF(G102=E102,IF(H102>D102,I102,C102),IF(G102>E102,I102,C102))) -> França | J108: Lusail | K108: 64
A111: Campeão: | D111: =IF(OR(C108="",I108="",E108="",G108="",AND(SUM(D108:E108)=SUM(G108:H108))),"",IF(SUM(D108:E108)>SUM(G108:H108),C108,I108)) -> Argentina
A112: Vice-campeão: | D112: =IF(OR(C108="",I108="",E108="",G108="",AND(SUM(D108:E108)=SUM(G108:H108))),"",IF(SUM(D108:E108)>SUM(G108:H108),I108,C108)) -> França
A113: 3º Lugar: | D113: =IF(OR(C105="",I105="",E105="",G105="",AND(SUM(D105:E105)=SUM(G105:H105))),"",IF(SUM(D105:E105)>SUM(G105:H105),C105,I105)) -> Croácia
...

Sheet Controle
A1: Posicao | B1: Nome | C1: Pontos | E1: Nome | F1: Pago | K1: Arrecadado | L1: =(COUNTA(F:F)-1)*100 -> 1000
A2: =IF(C2=C1,A1,ROW(C2)-1) -> 1 | B2: Lopes | C2: =Lopes!$L$7 -> 259 | D2: =IF(C2=C1,D1,ROW(C2)-1) -> 1 | E2: Marco | F2: 17/11
A3: =IF(C3=C2,A2,ROW(C3)-1) -> 2 | B3: Rodrigo | C3: =Rodrigo!$L$7 -> 215 | D3: =IF(C3=C2,D2,ROW(C3)-1) -> 2 | E3: Gogó | F3: 17/11
A4: =IF(C4=C3,A3,ROW(C4)-1) -> 3 | B4: Mothci | C4: =Mothci!$L$7 -> 209 | D4: =IF(C4=C3,D3,ROW(C4)-1) -> 3 | E4: Rodrigo | F4: 14/11
A5: =IF(C5=C4,A4,ROW(C5)-1) -> 3 | B5: Gogó | C5: ='Gogó'!$L$7 -> 209 | D5: =IF(C5=C4,D4,ROW(C5)-1) -> 3 | E5: Mothci | F5: 14/11 | K5: Premio 1o | L5: =M5*$L$1*0.01 -> 700 | M5: 70
A6: =IF(C6=C5,A5,ROW(C6)-1) -> 5 | B6: Danilo | C6: =Danilo!$L$7 -> 203 | D6: =IF(C6=C5,D5,ROW(C6)-1) -> 5 | E6: Bill | F6: 15/11 | G6: =ROW() -> 6
A7: =IF(C7=C6,A6,ROW(C7)-1) -> 6 | B7: Epocler | C7: =Epocler!$L$7 -> 191 | D7: =IF($C$2=$C$1,$A6,ROW($C$2)-1) -> 1 | E7: Leo | F7: 14/11 | K7: Premio 3o | L7: =M7*$L$1*0.01 -> 100 | M7: 10
A8: =IF(C8=C7,A7,ROW(C8)-1) -> 7 | B8: Zé | C8: ='Zé Augusto'!$L$7 -> 178 | D8: =IF(C8=C7,D7,ROW(C8)-1) -> 7 | E8: Epocler | F8: 14/11
A9: =IF(C9=C8,A8,ROW(C9)-1) -> 8 | B9: Bill | C9: =Bill!$L$7 -> 177 | D9: =IF(C9=C8,D8,ROW(C9)-1) -> 8 | E9: Zé | F9: 15/11
A10: =IF(C10=C9,A9,ROW(C10)-1) -> 9 | B10: Leo | C10: =Leo!$L$7 -> 171 | D10: =IF(C10=C9,D9,ROW(C10)-1) -> 9 | E10: Lopes | F10: 14/11 | K10: Premio 2o | L10: =M10*$L$1*0.01 -> 200 | M10: 20
A11: =IF(C11=C10,A10,ROW(C11)-1) -> 10 | B11: Marco | C11: =Marco!$L$7 -> 144 | D11: =IF(C11=C10,D10,ROW(C11)-1) -> 10 | E11: Danilo | F11: 17/11

Sheet Nome Palpiteiro
LN1: Grupo A
LM2: Seleção | LN2: PT | LO2: J | LP2: V | LQ2: E | LR2: D | LS2: GP | LT2: GC | LU2: SG
LM3: Catar | LN3: =IF(OR(E20="",G20=""),0,IF(LO3=0,0,IF(E20>G20,3,IF(E20=G20,1,0)))+IF(OR(E22="",G22=""),0,IF(E22>G22,3,IF(E22=G22,1,0)))+IF(OR(G25="",E25=""),0,IF(G25>E25,3,IF(G25=E25,1,0)))) -> 0 | LO3: =IF(AND(E20<>"",G20<>""),1,0)+IF(AND(E22<>"",G22<>""),1,0)+IF(AND(E25<>"",G25<>""),1,0) -> 0 | LP3: =IF(OR(E20="",G20=""),0,IF(E20>G20,1,0))+IF(OR(E22="",G22=""),0,IF(E22>G22,1,0))+IF(OR(G25="",E25=""),0,IF(G25>E25,1,0)) -> 0 | LQ3: =IF(OR(E20="",G20=""),0,IF(E20=G20,1,0))+IF(OR(E22="",G22=""),0,IF(E22=G22,1,0))+IF(OR(G25="",E25=""),0,IF(G25=E25,1,0)) -> 0 | LR3: =IF(OR(E20="",G20=""),0,IF(E20<G20,1,0))+IF(OR(E22="",G22=""),0,IF(E22<G22,1,0))+IF(OR(G25="",E25=""),0,IF(G25<E25,1,0)) -> 0 | LS3: =E20+E22+G25 -> 0 | LT3: =G20+G22+E25 -> 0 | LU3: =LS3-LT3 -> 0 | LV3: =LN3 -> 0 | LW3: =LU3/10 -> 0 | LX3: =LS3/100 -> 0 | LY3: =SUM(LV3:LX3) -> 0 | LZ3: =IF(LY3=LY4,IF(E20>G20,0.001,0),0) -> 0 | MA3: =IF(LY3=LY5,IF(E22>G22,0.001,0),0) -> 0 | MB3: =IF(LY3=LY6,IF(G25>E25,0.001,0),0) -> 0 | MC3: =SUM(LY3:MB3) -> 0 | MD3: =RANK(MC3,$MC$3:$MC$6,0) -> 1 | ME3: =MD3 -> 1 | MF3: 1 | MG3: =MATCH(MF3,$ME$3:$ME$6,0) -> 1 | MH3: =INDEX($LM$3:$LM$6,MG3) -> Catar
A4: Bolão Copa 2022 - Câmara dos Lordes | LM4: Equador | LN4: =IF(OR(G20="",E20=""),0,IF(LO4=0,0,IF(G20>E20,3,IF(G20=E20,1,0)))+IF(OR(G23="",E23=""),0,IF(G23>E23,3,IF(G23=E23,1,0)))+IF(OR(G24="",E24=""),0,IF(E24>G24,3,IF(E24=G24,1,0)))) -> 0 | LO4: =IF(AND(E20<>"",G20<>""),1,0)+IF(AND(E23<>"",G23<>""),1,0)+IF(AND(E25<>"",G25<>""),1,0) -> 0 | LP4: =IF(OR(G20="",E20=""),0,IF(G20>E20,1,0))+IF(OR(G23="",E23=""),0,IF(G23>E23,1,0))+IF(OR(E25="",G25=""),0,IF(E25>G25,1,0)) -> 0 | LQ4: =IF(OR(G20="",E20=""),0,IF(G20=E20,1,0))+IF(OR(G23="",E23=""),0,IF(G23=E23,1,0))+IF(OR(E25="",G25=""),0,IF(E25=G25,1,0)) -> 0 | LR4: =IF(OR(G20="",E20=""),0,IF(G20<E20,1,0))+IF(OR(G23="",E23=""),0,IF(G23<E23,1,0))+IF(OR(E25="",G25=""),0,IF(E25<G25,1,0)) -> 0 | LS4: =G20+G23+E25 -> 0 | LT4: =E20+E23+G25 -> 0 | LU4: =LS4-LT4 -> 0 | LV4: =LN4 -> 0 | LW4: =LU4/10 -> 0 | LX4: =LS4/100 -> 0 | LY4: =SUM(LV4:LX4) -> 0 | LZ4: =IF(LY4=LY3,IF(G20>E20,0.001,0),0) -> 0 | MA4: =IF(LY4=LY5,IF(E24>G24,0.001,0),0) -> 0 | MB4: =IF(LY4=LY6,IF(G23>E23,0.001,0),0) -> 0 | MC4: =SUM(LY4:MB4) -> 0 | MD4: =RANK(MC4,$MC$3:$MC$6,0) -> 1 | ME4: =IF(OR(AND(MD3=MD4,MD3=MD5,MD3=MD6),AND(MD4=MD3,MD4=MD5),AND(MD4=MD3,MD4=MD6),MD4=MD3),MD4+1,MD4) -> 2 | MF4: 2 | MG4: =MATCH(MF4,$ME$3:$ME$6,0) -> 2 | MH4: =INDEX($LM$3:$LM$6,MG4) -> Equador
A5: Preencher as células em amarelo | LM5: Senegal | LN5: =IF(OR(E21="",G21=""),0,IF(LO5=0,0,IF(E21>G21,3,IF(E21=G21,1,0)))+IF(OR(G22="",E22=""),0,IF(G22>E22,3,IF(G22=E22,1,0)))+IF(OR(G24="",E24=""),0,IF(G24>E24,3,IF(E24=G24,1,0)))) -> 0 | LO5: =IF(AND(E21<>"",G21<>""),1,0)+IF(AND(E22<>"",G22<>""),1,0)+IF(AND(E24<>"",G24<>""),1,0) -> 0 | LP5: =IF(OR(E21="",G21=""),0,IF(E21>G21,1,0))+IF(OR(G22="",E22=""),0,IF(G22>E22,1,0))+IF(OR(G24="",E24=""),0,IF(G24>E24,1,0)) -> 0 | LQ5: =IF(OR(E21="",G21=""),0,IF(E21=G21,1,0))+IF(OR(G22="",E22=""),0,IF(G22=E22,1,0))+IF(OR(G24="",E24=""),0,IF(G24=E24,1,0)) -> 0 | LR5: =IF(OR(E21="",G21=""),0,IF(E21<G21,1,0))+IF(OR(G22="",E22=""),0,IF(G22<E22,1,0))+IF(OR(G24="",E24=""),0,IF(G24<E24,1,0)) -> 0 | LS5: =E21+G22+G24 -> 0 | LT5: =G21+E22+E24 -> 0 | LU5: =LS5-LT5 -> 0 | LV5: =LN5 -> 0 | LW5: =LU5/10 -> 0 | LX5: =LS5/100 -> 0 | LY5: =SUM(LV5:LX5) -> 0 | LZ5: =IF(LY5=LY3,IF(G22>E22,0.001,0),0) -> 0 | MA5: =IF(LY5=LY4,IF(G24>E24,0.001,0),0) -> 0 | MB5: =IF(LY5=LY6,IF(E21>G21,0.001,0),0) -> 0 | MC5: =SUM(LY5:MB5) -> 0 | MD5: =RANK(MC5,$MC$3:$MC$6,0) -> 1 | ME5: =IF(OR(AND(MD3=MD4,MD3=MD5,MD3=MD6),AND(MD5=MD3,MD5=MD4)),MD5+2,IF(OR(AND(MD5=MD4,MD5=MD6),MD5=MD3,MD5=MD4),MD5+1,MD5)) -> 3 | MF5: 3 | MG5: =MATCH(MF5,$ME$3:$ME$6,0) -> 3 | MH5: =INDEX($LM$3:$LM$6,MG5) -> Senegal
A6: Nome do Palpiteiro: | L6: ="Total de Pontos até " & TEXT(NOW(),"dd/mm/aaaa") -> Total de Pontos até 24/04/Friday | LM6: Holanda | LN6: =IF(OR(G21="",E21=""),0,IF(LO6=0,0,IF(G21>E21,3,IF(G21=E21,1,0)))+IF(OR(E23="",G23=""),0,IF(E23>G23,3,IF(E23=G23,1,0)))+IF(OR(E25="",G25=""),0,IF(E25>G25,3,IF(E25=G25,1,0)))) -> 0 | LO6: =IF(AND(E21<>"",G21<>""),1,0)+IF(AND(E23<>"",G23<>""),1,0)+IF(AND(E25<>"",G25<>""),1,0) -> 0 | LP6: =IF(OR(G21="",E21=""),0,IF(G21>E21,1,0))+IF(OR(E23="",G23=""),0,IF(E23>G23,1,0))+IF(OR(E25="",G25=""),0,IF(E25>G25,1,0)) -> 0 | LQ6: =IF(OR(G21="",E21=""),0,IF(G21=E21,1,0))+IF(OR(E23="",G23=""),0,IF(E23=G23,1,0))+IF(OR(E25="",G25=""),0,IF(E25=G25,1,0)) -> 0 | LR6: =IF(OR(G21="",E21=""),0,IF(G21<E21,1,0))+IF(OR(E23="",G23=""),0,IF(E23<G23,1,0))+IF(OR(E25="",G25=""),0,IF(E25<G25,1,0)) -> 0 | LS6: =G21+E23+E25 -> 0 | LT6: =E21+G23+G25 -> 0 | LU6: =LS6-LT6 -> 0 | LV6: =LN6 -> 0 | LW6: =LU6/10 -> 0 | LX6: =LS6/100 -> 0 | LY6: =SUM(LV6:LX6) -> 0 | LZ6: =IF(LY6=LY3,IF(E25>G25,0.001,0),0) -> 0 | MA6: =IF(LY6=LY4,IF(E23>G23,0.001,0),0) -> 0 | MB6: =IF(LY6=LY5,IF(G21>E21,0.001,0),0) -> 0 | MC6: =SUM(LY6:MB6) -> 0 | MD6: =RANK(MC6,$MC$3:$MC$6,0) -> 1 | ME6: =IF(AND(MD3=MD4,MD3=MD5,MD3=MD6),MD6+3,IF(OR(AND(MD6=MD5,MD6=MD4),AND(MD6=MD4,MD6=MD3)),MD6+2,IF(OR(MD6=MD5,MD6=MD4,MD6=MD3),MD6+1,MD6))) -> 4 | MF6: 4 | MG6: =MATCH(MF6,$ME$3:$ME$6,0) -> 4 | MH6: =INDEX($LM$3:$LM$6,MG6) -> Holanda
A7: E-mail do Palpiteiro: | L7: =SUM(Z18,X22:X23,X30:X31,X38:X39,X46:X47,X54:X55,X62:X63,X70:X71,X78:X79,L9:L14) -> 0
A9: Artilheiro da Copa: | L9: =(IF(OR(D9="",'Resultado Oficial'!D117=""),"",IF(D9='Resultado Oficial'!D117,40,0))) | LN9: Grupo B
LM10: Seleção | LN10: PT | LO10: J | LP10: V | LQ10: E | LR10: D | LS10: GP | LT10: GC | LU10: SG
A11: Campeão: | L11: =IF(OR(D11="",'Resultado Oficial'!D111=""),"",IF(D11='Resultado Oficial'!D111,40,IF(D11='Resultado Oficial'!D112,20,IF(D11='Resultado Oficial'!D113,20,IF('Nome Palpiteiro'!D11='Resultado Oficial'!D114,20,0))))) | LM11: Inglaterra | LN11: =IF(OR(E28="",G28=""),0,IF(LO11=0,0,IF(E28>G28,3,IF(E28=G28,1,0)))+IF(OR(E31="",G31=""),0,IF(E31>G31,3,IF(E31=G31,1,0)))+IF(OR(G32="",E32=""),0,IF(G32>E32,3,IF(G32=E32,1,0)))) -> 0 | LO11: =IF(AND(E28<>"",G28<>""),1,0)+IF(AND(E31<>"",G31<>""),1,0)+IF(AND(E32<>"",G32<>""),1,0) -> 0 | LP11: =IF(OR(E28="",G28=""),0,IF(E28>G28,1,0))+IF(OR(E31="",G31=""),0,IF(E31>G31,1,0))+IF(OR(G32="",E32=""),0,IF(G32>E32,1,0)) -> 0 | LQ11: =IF(OR(E28="",G28=""),0,IF(E28=G28,1,0))+IF(OR(E31="",G31=""),0,IF(E31=G31,1,0))+IF(OR(G32="",E32=""),0,IF(G32=E32,1,0)) -> 0 | LR11: =IF(OR(E28="",G28=""),0,IF(E28<G28,1,0))+IF(OR(E31="",G31=""),0,IF(E31<G31,1,0))+IF(OR(G32="",E32=""),0,IF(G32<E32,1,0)) -> 0 | LS11: =E28+E31+G32 -> 0 | LT11: =G28+G31+E32 -> 0 | LU11: =LS11-LT11 -> 0 | LV11: =LN11 -> 0 | LW11: =LU11/10 -> 0 | LX11: =LS11/100 -> 0 | LY11: =SUM(LV11:LX11) -> 0 | LZ11: =IF(LY11=LY12,IF(E28>G28,0.001,0),0) -> 0 | MA11: =IF(LY11=LY13,IF(E31>G31,0.001,0),0) -> 0 | MB11: =IF(LY11=LY14,IF(G32>E32,0.001,0),0) -> 0 | MC11: =SUM(LY11:MB11) -> 0 | MD11: =RANK($MC$11,$MC$11:$MC$14,0) -> 1 | ME11: =MD11 -> 1 | MF11: 1 | MG11: =MATCH(MF11,$ME$11:$ME$14,0) -> 1 | MH11: =INDEX($LM$11:$LM$14,MG11) -> Inglaterra
A12: Vice-campeão: | L12: =IF(OR(D12="",'Resultado Oficial'!D112=""),"",IF(D12='Resultado Oficial'!D112,35,IF(D12='Resultado Oficial'!D111,20,IF(D12='Resultado Oficial'!D113,20,IF('Nome Palpiteiro'!D12='Resultado Oficial'!D114,20,0))))) | LM12: Irã | LN12: =IF(OR(G28="",E28=""),0,IF(LO12=0,0,IF(G28>E28,3,IF(G28=E28,1,0)))+IF(OR(G30="",E30=""),0,IF(G30>E30,3,IF(G30=E30,1,0)))+IF(OR(G33="",E33=""),0,IF(E33>G33,3,IF(E33=G33,1,0)))) -> 0 | LO12: =IF(AND(E28<>"",G28<>""),1,0)+IF(AND(E30<>"",G30<>""),1,0)+IF(AND(E33<>"",G33<>""),1,0) -> 0 | LP12: =IF(OR(G28="",E28=""),0,IF(G28>E28,1,0))+IF(OR(G30="",E30=""),0,IF(G30>E30,1,0))+IF(OR(E33="",G33=""),0,IF(E33>G33,1,0)) -> 0 | LQ12: =IF(OR(G28="",E28=""),0,IF(G28=E28,1,0))+IF(OR(G30="",E30=""),0,IF(G30=E30,1,0))+IF(OR(E33="",G33=""),0,IF(E33=G33,1,0)) -> 0 | LR12: =IF(OR(G28="",E28=""),0,IF(G28<E28,1,0))+IF(OR(G30="",E30=""),0,IF(G30<E30,1,0))+IF(OR(E33="",G33=""),0,IF(E33<G33,1,0)) -> 0 | LS12: =G28+G30+E33 -> 0 | LT12: =E28+E30+G33 -> 0 | LU12: =LS12-LT12 -> 0 | LV12: =LN12 -> 0 | LW12: =LU12/10 -> 0 | LX12: =LS12/100 -> 0 | LY12: =SUM(LV12:LX12) -> 0 | LZ12: =IF(LY12=LY11,IF(G28>E28,0.001,0),0) -> 0 | MA12: =IF(LY12=LY13,IF(E33>G33,0.001,0),0) -> 0 | MB12: =IF(LY12=LY14,IF(G30>E30,0.001,0),0) -> 0 | MC12: =SUM(LY12:MB12) -> 0 | MD12: =RANK($MC$12,$MC$11:$MC$14,0) -> 1 | ME12: =IF(OR(AND(MD11=MD12,MD11=MD13,MD11=MD14),AND(MD12=MD11,MD12=MD13),AND(MD12=MD11,MD12=MD14),MD12=MD11),MD12+1,MD12) -> 2 | MF12: 2 | MG12: =MATCH(MF12,$ME$11:$ME$14,0) -> 2 | MH12: =INDEX($LM$11:$LM$14,MG12) -> Irã
A13: 3º Lugar: | L13: =IF(OR(D13="",'Resultado Oficial'!D113=""),"",IF(D13='Resultado Oficial'!D113,30,IF(D13='Resultado Oficial'!D111,20,IF(D13='Resultado Oficial'!D112,20,IF('Nome Palpiteiro'!D13='Resultado Oficial'!D114,20,0))))) | LM13: Estados Unidos | LN13: =IF(OR(E29="",G29=""),0,IF(LO13=0,0,IF(E29>G29,3,IF(E29=G29,1,0)))+IF(OR(G31="",E31=""),0,IF(G31>E31,3,IF(G31=E31,1,0)))+IF(OR(G33="",E33=""),0,IF(G33>E33,3,IF(E33=G33,1,0)))) -> 0 | LO13: =IF(AND(E29<>"",G29<>""),1,0)+IF(AND(E31<>"",G31<>""),1,0)+IF(AND(E33<>"",G33<>""),1,0) -> 0 | LP13: =IF(OR(E29="",G29=""),0,IF(E29>G29,1,0))+IF(OR(G31="",E31=""),0,IF(G31>E31,1,0))+IF(OR(G33="",E33=""),0,IF(G33>E33,1,0)) -> 0 | LQ13: =IF(OR(E29="",G29=""),0,IF(E29=G29,1,0))+IF(OR(G31="",E31=""),0,IF(G31=E31,1,0))+IF(OR(G33="",E33=""),0,IF(G33=E33,1,0)) -> 0 | LR13: =IF(OR(E29="",G29=""),0,IF(E29<G29,1,0))+IF(OR(G31="",E31=""),0,IF(G31<E31,1,0))+IF(OR(G33="",E33=""),0,IF(G33<E33,1,0)) -> 0 | LS13: =E29+G31+G33 -> 0 | LT13: =G29+E31+E33 -> 0 | LU13: =LS13-LT13 -> 0 | LV13: =LN13 -> 0 | LW13: =LU13/10 -> 0 | LX13: =LS13/100 -> 0 | LY13: =SUM(LV13:LX13) -> 0 | LZ13: =IF(LY13=LY11,IF(G31>E31,0.001,0),0) -> 0 | MA13: =IF(LY13=LY12,IF(G33>E33,0.001,0),0) -> 0 | MB13: =IF(LY13=LY14,IF(E29>G29,0.001,0),0) -> 0 | MC13: =SUM(LY13:MB13) -> 0 | MD13: =RANK($MC$13,$MC$11:$MC$14,0) -> 1 | ME13: =IF(OR(AND(MD11=MD12,MD11=MD13,MD11=MD14),AND(MD13=MD11,MD13=MD12)),MD13+2,IF(OR(AND(MD13=MD12,MD13=MD14),MD13=MD11,MD13=MD12),MD13+1,MD13)) -> 3 | MF13: 3 | MG13: =MATCH(MF13,$ME$11:$ME$14,0) -> 3 | MH13: =INDEX($LM$11:$LM$14,MG13) -> Estados Unidos
A14: 4º Lugar: | L14: =IF(OR(D14="",'Resultado Oficial'!D114=""),"",IF(D14='Resultado Oficial'!D114,25,IF(D14='Resultado Oficial'!D111,20,IF(D14='Resultado Oficial'!D112,20,IF('Nome Palpiteiro'!D14='Resultado Oficial'!D113,20,0))))) | LM14: País de Gales | LN14: =IF(OR(G29="",E29=""),0,IF(LO14=0,0,IF(G29>E29,3,IF(G29=E29,1,0)))+IF(OR(E30="",G30=""),0,IF(E30>G30,3,IF(E30=G30,1,0)))+IF(OR(E32="",G32=""),0,IF(E32>G32,3,IF(E32=G32,1,0)))) -> 0 | LO14: =IF(AND(E29<>"",G29<>""),1,0)+IF(AND(E30<>"",G30<>""),1,0)+IF(AND(E32<>"",G32<>""),1,0) -> 0 | LP14: =IF(OR(G29="",E29=""),0,IF(G29>E29,1,0))+IF(OR(E30="",G30=""),0,IF(E30>G30,1,0))+IF(OR(E32="",G32=""),0,IF(E32>G32,1,0)) -> 0 | LQ14: =IF(OR(G29="",E29=""),0,IF(G29=E29,1,0))+IF(OR(E30="",G30=""),0,IF(E30=G30,1,0))+IF(OR(E32="",G32=""),0,IF(E32=G32,1,0)) -> 0 | LR14: =IF(OR(G29="",E29=""),0,IF(G29<E29,1,0))+IF(OR(E30="",G30=""),0,IF(E30<G30,1,0))+IF(OR(E32="",G32=""),0,IF(E32<G32,1,0)) -> 0 | LS14: =G29+E30+E32 -> 0 | LT14: =E29+G30+G32 -> 0 | LU14: =LS14-LT14 -> 0 | LV14: =LN14 -> 0 | LW14: =LU14/10 -> 0 | LX14: =LS14/100 -> 0 | LY14: =SUM(LV14:LX14) -> 0 | LZ14: =IF(LY14=LY11,IF(E32>G32,0.001,0),0) -> 0 | MA14: =IF(LY14=LY12,IF(E30>G30,0.001,0),0) -> 0 | MB14: =IF(LY14=LY13,IF(G29>E29,0.001,0),0) -> 0 | MC14: =SUM(LY14:MB14) -> 0 | MD14: =RANK($MC$14,$MC$11:$MC$14,0) -> 1 | ME14: =IF(AND(MD11=MD12,MD11=MD13,MD11=MD14),MD14+3,IF(OR(AND(MD14=MD13,MD14=MD12),AND(MD14=MD12,MD14=MD11)),MD14+2,IF(OR(MD14=MD13,MD14=MD12,MD14=MD11),MD14+1,MD14))) -> 4 | MF14: 4 | MG14: =MATCH(MF14,$ME$11:$ME$14,0) -> 4 | MH14: =INDEX($LM$11:$LM$14,MG14) -> País de Gales
A17: 1a Fase | Z17: Pontos Jogos | LN17: Grupo C
Z18: =SUM(Z20:Z81) -> 0 | LM18: Seleção | LN18: PT | LO18: J | LP18: V | LQ18: E | LR18: D | LS18: GP | LT18: GC | LU18: SG
A19: Primeira fase GRUPO A | LM19: Argentina | LN19: =IF(OR(E36="",G36=""),0,IF(LO19=0,0,IF(E36>G36,3,IF(E36=G36,1,0)))+IF(OR(E39="",G39=""),0,IF(E39>G39,3,IF(E39=G39,1,0)))+IF(OR(G40="",E40=""),0,IF(G40>E40,3,IF(G40=E40,1,0)))) -> 0 | LO19: =IF(AND(E36<>"",G36<>""),1,0)+IF(AND(E39<>"",G39<>""),1,0)+IF(AND(E40<>"",G40<>""),1,0) -> 0 | LP19: =IF(OR(E36="",G36=""),0,IF(E36>G36,1,0))+IF(OR(E39="",G39=""),0,IF(E39>G39,1,0))+IF(OR(G40="",E40=""),0,IF(G40>E40,1,0)) -> 0 | LQ19: =IF(OR(E36="",G36=""),0,IF(E36=G36,1,0))+IF(OR(E39="",G39=""),0,IF(E39=G39,1,0))+IF(OR(G40="",E40=""),0,IF(G40=E40,1,0)) -> 0 | LR19: =IF(OR(E36="",G36=""),0,IF(E36<G36,1,0))+IF(OR(E39="",G39=""),0,IF(E39<G39,1,0))+IF(OR(G40="",E40=""),0,IF(G40<E40,1,0)) -> 0 | LS19: =E36+E39+G40 -> 0 | LT19: =G36+G39+E40 -> 0 | LU19: =LS19-LT19 -> 0 | LV19: =LN19 -> 0 | LW19: =LU19/10 -> 0 | LX19: =LS19/100 -> 0 | LY19: =SUM(LV19:LX19) -> 0 | LZ19: =IF(LY19=LY20,IF(E36>G36,0.001,0),0) -> 0 | MA19: =IF(LY19=LY21,IF(E39>G39,0.001,0),0) -> 0 | MB19: =IF(LY19=LY22,IF(G40>E40,0.001,0),0) -> 0 | MC19: =SUM(LY19:MB19) -> 0 | MD19: =RANK($MC$19,$MC$19:$MC$22,0) -> 1 | ME19: =MD19 -> 1 | MF19: 1 | MG19: =MATCH(MF19,$ME$19:$ME$22,0) -> 1 | MH19: =INDEX($LM$19:$LM$22,MG19) -> Argentina
A20: 44885 | B20: 0.54166667 | C20: Catar | F20: x | I20: Equador | J20: Al Bayt | L20: Classificação do grupo A | Z20: =IF(OR(E20="",G20="",'Resultado Oficial'!E20="",'Resultado Oficial'!G20=""),"", IF(AND(E20='Resultado Oficial'!E20,G20='Resultado Oficial'!G20),10, IF(AND(E20=G20,'Resultado Oficial'!E20='Resultado Oficial'!G20,ABS((E20-'Resultado Oficial'!E20))=1),6, IF(AND(E20>G20,'Resultado Oficial'!E20>'Resultado Oficial'!G20,((E20-'Resultado Oficial'!E20)=(G20-'Resultado Oficial'!G20))),6, IF(AND(E20<G20,'Resultado Oficial'!E20<'Resultado Oficial'!G20,(('Resultado Oficial'!E20-E20)=('Resultado Oficial'!G20-G20))),6, IF(AND(E20>G20,'Resultado Oficial'!E20>'Resultado Oficial'!G20),3, IF(AND(E20=G20,'Resultado Oficial'!E20='Resultado Oficial'!G20),3, IF(AND(E20<G20,'Resultado Oficial'!E20<'Resultado Oficial'!G20),3,0)))))))) | LM20: Arábia Saudita | LN20: =IF(OR(G36="",E36=""),0,IF(LO20=0,0,IF(G36>E36,3,IF(G36=E36,1,0)))+IF(OR(G38="",E38=""),0,IF(G38>E38,3,IF(G38=E38,1,0)))+IF(OR(G41="",E41=""),0,IF(E41>G41,3,IF(E41=G41,1,0)))) -> 0 | LO20: =IF(AND(E36<>"",G36<>""),1,0)+IF(AND(E38<>"",G38<>""),1,0)+IF(AND(E41<>"",G41<>""),1,0) -> 0 | LP20: =IF(OR(G36="",E36=""),0,IF(G36>E36,1,0))+IF(OR(G38="",E38=""),0,IF(G38>E38,1,0))+IF(OR(E41="",G41=""),0,IF(E41>G41,1,0)) -> 0 | LQ20: =IF(OR(G36="",E36=""),0,IF(G36=E36,1,0))+IF(OR(G38="",E38=""),0,IF(G38=E38,1,0))+IF(OR(E41="",G41=""),0,IF(E41=G41,1,0)) -> 0 | LR20: =IF(OR(G36="",E36=""),0,IF(G36<E36,1,0))+IF(OR(G38="",E38=""),0,IF(G38<E38,1,0))+IF(OR(E41="",G41=""),0,IF(E41<G41,1,0)) -> 0 | LS20: =G36+G38+E41 -> 0 | LT20: =E36+E38+G41 -> 0 | LU20: =LS20-LT20 -> 0 | LV20: =LN20 -> 0 | LW20: =LU20/10 -> 0 | LX20: =LS20/100 -> 0 | LY20: =SUM(LV20:LX20) -> 0 | LZ20: =IF(LY20=LY19,IF(G36>E36,0.001,0),0) -> 0 | MA20: =IF(LY20=LY21,IF(E41>G41,0.001,0),0) -> 0 | MB20: =IF(LY20=LY22,IF(G38>E38,0.001,0),0) -> 0 | MC20: =SUM(LY20:MB20) -> 0 | MD20: =RANK($MC$20,$MC$19:$MC$22,0) -> 1 | ME20: =IF(OR(AND(MD19=MD20,MD19=MD21,MD19=MD22),AND(MD20=MD19,MD20=MD21),AND(MD20=MD19,MD20=MD22),MD20=MD19),MD20+1,MD20) -> 2 | MF20: 2 | MG20: =MATCH(MF20,$ME$19:$ME$22,0) -> 2 | MH20: =INDEX($LM$19:$LM$22,MG20) -> Arábia Saudita
A21: 44886 | B21: 0.54166667 | C21: Senegal | F21: x | I21: Holanda | J21: Al Thumana | M21: PT | N21: J | O21: V | P21: E | Q21: D | R21: GP | S21: GC | T21: SG | V21: =A19 -> Primeira fase GRUPO A | X21: Pontos | Z21: =IF(OR(E21="",G21="",'Resultado Oficial'!E21="",'Resultado Oficial'!G21=""),"", IF(AND(E21='Resultado Oficial'!E21,G21='Resultado Oficial'!G21),10, IF(AND(E21=G21,'Resultado Oficial'!E21='Resultado Oficial'!G21,ABS((E21-'Resultado Oficial'!E21))=1),6, IF(AND(E21>G21,'Resultado Oficial'!E21>'Resultado Oficial'!G21,((E21-'Resultado Oficial'!E21)=(G21-'Resultado Oficial'!G21))),6, IF(AND(E21<G21,'Resultado Oficial'!E21<'Resultado Oficial'!G21,(('Resultado Oficial'!E21-E21)=('Resultado Oficial'!G21-G21))),6, IF(AND(E21>G21,'Resultado Oficial'!E21>'Resultado Oficial'!G21),3, IF(AND(E21=G21,'Resultado Oficial'!E21='Resultado Oficial'!G21),3, IF(AND(E21<G21,'Resultado Oficial'!E21<'Resultado Oficial'!G21),3,0)))))))) | LM21: México | LN21: =IF(OR(E37="",G37=""),0,IF(LO21=0,0,IF(E37>G37,3,IF(E37=G37,1,0)))+IF(OR(G39="",E39=""),0,IF(G39>E39,3,IF(G39=E39,1,0)))+IF(OR(G41="",E41=""),0,IF(G41>E41,3,IF(E41=G41,1,0)))) -> 0 | LO21: =IF(AND(E37<>"",G37<>""),1,0)+IF(AND(E39<>"",G39<>""),1,0)+IF(AND(E41<>"",G41<>""),1,0) -> 0 | LP21: =IF(OR(E37="",G37=""),0,IF(E37>G37,1,0))+IF(OR(G39="",E39=""),0,IF(G39>E39,1,0))+IF(OR(G41="",E41=""),0,IF(G41>E41,1,0)) -> 0 | LQ21: =IF(OR(E37="",G37=""),0,IF(E37=G37,1,0))+IF(OR(G39="",E39=""),0,IF(G39=E39,1,0))+IF(OR(G41="",E41=""),0,IF(G41=E41,1,0)) -> 0 | LR21: =IF(OR(E37="",G37=""),0,IF(E37<G37,1,0))+IF(OR(G39="",E39=""),0,IF(G39<E39,1,0))+IF(OR(G41="",E41=""),0,IF(G41<E41,1,0)) -> 0 | LS21: =E37+G39+G41 -> 0 | LT21: =G37+E39+E41 -> 0 | LU21: =LS21-LT21 -> 0 | LV21: =LN21 -> 0 | LW21: =LU21/10 -> 0 | LX21: =LS21/100 -> 0 | LY21: =SUM(LV21:LX21) -> 0 | LZ21: =IF(LY21=LY19,IF(G39>E39,0.001,0),0) -> 0 | MA21: =IF(LY21=LY20,IF(G41>E41,0.001,0),0) -> 0 | MB21: =IF(LY21=LY22,IF(E37>G37,0.001,0),0) -> 0 | MC21: =SUM(LY21:MB21) -> 0 | MD21: =RANK($MC$21,$MC$19:$MC$22,0) -> 1 | ME21: =IF(OR(AND(MD19=MD20,MD19=MD21,MD19=MD22),AND(MD21=MD19,MD21=MD20)),MD21+2,IF(OR(AND(MD21=MD20,MD21=MD22),MD21=MD19,MD21=MD20),MD21+1,MD21)) -> 3 | MF21: 3 | MG21: =MATCH(MF21,$ME$19:$ME$22,0) -> 3 | MH21: =INDEX($LM$19:$LM$22,MG21) -> México
A22: 44890 | B22: 0.41666667 | C22: Catar | F22: x | I22: Senegal | J22: Al Thumana | L22: ='Nome Palpiteiro'!MH3 -> Catar | M22: =VLOOKUP(L22,'Nome Palpiteiro'!$LM$3:$LU$6,2,FALSE) -> 0 | N22: =VLOOKUP(L22,'Nome Palpiteiro'!$LM$3:$LU$6,3,FALSE) -> 0 | O22: =VLOOKUP(L22,'Nome Palpiteiro'!$LM$3:$LU$6,4,FALSE) -> 0 | P22: =VLOOKUP(L22,'Nome Palpiteiro'!$LM$3:$LU$6,5,FALSE) -> 0 | Q22: =VLOOKUP(L22,'Nome Palpiteiro'!$LM$3:$LU$6,6,FALSE) -> 0 | R22: =VLOOKUP(L22,'Nome Palpiteiro'!$LM$3:$LU$6,7,FALSE) -> 0 | S22: =VLOOKUP(L22,'Nome Palpiteiro'!$LM$3:$LU$6,8,FALSE) -> 0 | T22: =VLOOKUP(L22,'Nome Palpiteiro'!$LM$3:$LU$6,9,FALSE) -> 0 | V22: 1o Colocado | W22: =IF(N22<>3,"",L22) | X22: =IF(AND(W22<>"",'Resultado Oficial'!W22<>"",'Resultado Oficial'!W23<>""),IF(W22='Resultado Oficial'!W22,5,IF(W22='Resultado Oficial'!W23,2,0)),"") | Z22: =IF(OR(E22="",G22="",'Resultado Oficial'!E22="",'Resultado Oficial'!G22=""),"", IF(AND(E22='Resultado Oficial'!E22,G22='Resultado Oficial'!G22),10, IF(AND(E22=G22,'Resultado Oficial'!E22='Resultado Oficial'!G22,ABS((E22-'Resultado Oficial'!E22))=1),6, IF(AND(E22>G22,'Resultado Oficial'!E22>'Resultado Oficial'!G22,((E22-'Resultado Oficial'!E22)=(G22-'Resultado Oficial'!G22))),6, IF(AND(E22<G22,'Resultado Oficial'!E22<'Resultado Oficial'!G22,(('Resultado Oficial'!E22-E22)=('Resultado Oficial'!G22-G22))),6, IF(AND(E22>G22,'Resultado Oficial'!E22>'Resultado Oficial'!G22),3, IF(AND(E22=G22,'Resultado Oficial'!E22='Resultado Oficial'!G22),3, IF(AND(E22<G22,'Resultado Oficial'!E22<'Resultado Oficial'!G22),3,0)))))))) | LM22: Polônia | LN22: =IF(OR(G37="",E37=""),0,IF(LO22=0,0,IF(G37>E37,3,IF(G37=E37,1,0)))+IF(OR(E38="",G38=""),0,IF(E38>G38,3,IF(E38=G38,1,0)))+IF(OR(E40="",G40=""),0,IF(E40>G40,3,IF(E40=G40,1,0)))) -> 0 | LO22: =IF(AND(E37<>"",G37<>""),1,0)+IF(AND(E38<>"",G38<>""),1,0)+IF(AND(E40<>"",G40<>""),1,0) -> 0 | LP22: =IF(OR(G37="",E37=""),0,IF(G37>E37,1,0))+IF(OR(E38="",G8=""),0,IF(E38>G38,1,0))+IF(OR(E40="",G40=""),0,IF(E40>G40,1,0)) -> 0 | LQ22: =IF(OR(G37="",E37=""),0,IF(G37=E37,1,0))+IF(OR(E38="",G38=""),0,IF(E38=G38,1,0))+IF(OR(E40="",G40=""),0,IF(E40=G40,1,0)) -> 0 | LR22: =IF(OR(G37="",E37=""),0,IF(G37<E37,1,0))+IF(OR(E38="",G38=""),0,IF(E38<G38,1,0))+IF(OR(E40="",G40=""),0,IF(E40<G40,1,0)) -> 0 | LS22: =G37+E38+E40 -> 0 | LT22: =E37+G38+G40 -> 0 | LU22: =LS22-LT22 -> 0 | LV22: =LN22 -> 0 | LW22: =LU22/10 -> 0 | LX22: =LS22/100 -> 0 | LY22: =SUM(LV22:LX22) -> 0 | LZ22: =IF(LY22=LY19,IF(E40>G40,0.001,0),0) -> 0 | MA22: =IF(LY22=LY20,IF(E38>G38,0.001,0),0) -> 0 | MB22: =IF(LY22=LY21,IF(G37>E37,0.001,0),0) -> 0 | MC22: =SUM(LY22:MB22) -> 0 | MD22: =RANK($MC$22,$MC$19:$MC$22,0) -> 1 | ME22: =IF(AND(MD19=MD20,MD19=MD21,MD19=MD22),MD22+3,IF(OR(AND(MD22=MD21,MD22=MD20),AND(MD22=MD20,MD22=MD19)),MD22+2,IF(OR(MD22=MD21,MD22=MD20,MD22=MD19),MD22+1,MD22))) -> 4 | MF22: 4 | MG22: =MATCH(MF22,$ME$19:$ME$22,0) -> 4 | MH22: =INDEX($LM$19:$LM$22,MG22) -> Polônia
A23: 44890 | B23: 0.54166667 | C23: Holanda | F23: x | I23: Equador | J23: Intern. Khalifa | L23: ='Nome Palpiteiro'!MH4 -> Equador | M23: =VLOOKUP(L23,'Nome Palpiteiro'!$LM$3:$LU$6,2,FALSE) -> 0 | N23: =VLOOKUP(L23,'Nome Palpiteiro'!$LM$3:$LU$6,3,FALSE) -> 0 | O23: =VLOOKUP(L23,'Nome Palpiteiro'!$LM$3:$LU$6,4,FALSE) -> 0 | P23: =VLOOKUP(L23,'Nome Palpiteiro'!$LM$3:$LU$6,5,FALSE) -> 0 | Q23: =VLOOKUP(L23,'Nome Palpiteiro'!$LM$3:$LU$6,6,FALSE) -> 0 | R23: =VLOOKUP(L23,'Nome Palpiteiro'!$LM$3:$LU$6,7,FALSE) -> 0 | S23: =VLOOKUP(L23,'Nome Palpiteiro'!$LM$3:$LU$6,8,FALSE) -> 0 | T23: =VLOOKUP(L23,'Nome Palpiteiro'!$LM$3:$LU$6,9,FALSE) -> 0 | V23: 2o Colocado | W23: =IF(N23<>3,"",L23) | X23: =IF(AND(W23<>"",'Resultado Oficial'!W22<>"",'Resultado Oficial'!W23<>""),IF(W23='Resultado Oficial'!W23,5,IF(W23='Resultado Oficial'!W22,2,0)),"") | Z23: =IF(OR(E23="",G23="",'Resultado Oficial'!E23="",'Resultado Oficial'!G23=""),"", IF(AND(E23='Resultado Oficial'!E23,G23='Resultado Oficial'!G23),10, IF(AND(E23=G23,'Resultado Oficial'!E23='Resultado Oficial'!G23,ABS((E23-'Resultado Oficial'!E23))=1),6, IF(AND(E23>G23,'Resultado Oficial'!E23>'Resultado Oficial'!G23,((E23-'Resultado Oficial'!E23)=(G23-'Resultado Oficial'!G23))),6, IF(AND(E23<G23,'Resultado Oficial'!E23<'Resultado Oficial'!G23,(('Resultado Oficial'!E23-E23)=('Resultado Oficial'!G23-G23))),6, IF(AND(E23>G23,'Resultado Oficial'!E23>'Resultado Oficial'!G23),3, IF(AND(E23=G23,'Resultado Oficial'!E23='Resultado Oficial'!G23),3, IF(AND(E23<G23,'Resultado Oficial'!E23<'Resultado Oficial'!G23),3,0))))))))
A24: 44894 | B24: 0.5 | C24: Equador | F24: x | I24: Senegal | J24: Intern. Khalifa | L24: ='Nome Palpiteiro'!MH5 -> Senegal | M24: =VLOOKUP(L24,'Nome Palpiteiro'!$LM$3:$LU$6,2,FALSE) -> 0 | N24: =VLOOKUP(L24,'Nome Palpiteiro'!$LM$3:$LU$6,3,FALSE) -> 0 | O24: =VLOOKUP(L24,'Nome Palpiteiro'!$LM$3:$LU$6,4,FALSE) -> 0 | P24: =VLOOKUP(L24,'Nome Palpiteiro'!$LM$3:$LU$6,5,FALSE) -> 0 | Q24: =VLOOKUP(L24,'Nome Palpiteiro'!$LM$3:$LU$6,6,FALSE) -> 0 | R24: =VLOOKUP(L24,'Nome Palpiteiro'!$LM$3:$LU$6,7,FALSE) -> 0 | S24: =VLOOKUP(L24,'Nome Palpiteiro'!$LM$3:$LU$6,8,FALSE) -> 0 | T24: =VLOOKUP(L24,'Nome Palpiteiro'!$LM$3:$LU$6,9,FALSE) -> 0 | Z24: =IF(OR(E24="",G24="",'Resultado Oficial'!E24="",'Resultado Oficial'!G24=""),"", IF(AND(E24='Resultado Oficial'!E24,G24='Resultado Oficial'!G24),10, IF(AND(E24=G24,'Resultado Oficial'!E24='Resultado Oficial'!G24,ABS((E24-'Resultado Oficial'!E24))=1),6, IF(AND(E24>G24,'Resultado Oficial'!E24>'Resultado Oficial'!G24,((E24-'Resultado Oficial'!E24)=(G24-'Resultado Oficial'!G24))),6, IF(AND(E24<G24,'Resultado Oficial'!E24<'Resultado Oficial'!G24,(('Resultado Oficial'!E24-E24)=('Resultado Oficial'!G24-G24))),6, IF(AND(E24>G24,'Resultado Oficial'!E24>'Resultado Oficial'!G24),3, IF(AND(E24=G24,'Resultado Oficial'!E24='Resultado Oficial'!G24),3, IF(AND(E24<G24,'Resultado Oficial'!E24<'Resultado Oficial'!G24),3,0))))))))
A25: 44894 | B25: 0.5 | C25: Holanda | F25: x | I25: Qatar | J25: Al Bayt | L25: ='Nome Palpiteiro'!MH6 -> Holanda | M25: =VLOOKUP(L25,'Nome Palpiteiro'!$LM$3:$LU$6,2,FALSE) -> 0 | N25: =VLOOKUP(L25,'Nome Palpiteiro'!$LM$3:$LU$6,3,FALSE) -> 0 | O25: =VLOOKUP(L25,'Nome Palpiteiro'!$LM$3:$LU$6,4,FALSE) -> 0 | P25: =VLOOKUP(L25,'Nome Palpiteiro'!$LM$3:$LU$6,5,FALSE) -> 0 | Q25: =VLOOKUP(L25,'Nome Palpiteiro'!$LM$3:$LU$6,6,FALSE) -> 0 | R25: =VLOOKUP(L25,'Nome Palpiteiro'!$LM$3:$LU$6,7,FALSE) -> 0 | S25: =VLOOKUP(L25,'Nome Palpiteiro'!$LM$3:$LU$6,8,FALSE) -> 0 | T25: =VLOOKUP(L25,'Nome Palpiteiro'!$LM$3:$LU$6,9,FALSE) -> 0 | Z25: =IF(OR(E25="",G25="",'Resultado Oficial'!E25="",'Resultado Oficial'!G25=""),"", IF(AND(E25='Resultado Oficial'!E25,G25='Resultado Oficial'!G25),10, IF(AND(E25=G25,'Resultado Oficial'!E25='Resultado Oficial'!G25,ABS((E25-'Resultado Oficial'!E25))=1),6, IF(AND(E25>G25,'Resultado Oficial'!E25>'Resultado Oficial'!G25,((E25-'Resultado Oficial'!E25)=(G25-'Resultado Oficial'!G25))),6, IF(AND(E25<G25,'Resultado Oficial'!E25<'Resultado Oficial'!G25,(('Resultado Oficial'!E25-E25)=('Resultado Oficial'!G25-G25))),6, IF(AND(E25>G25,'Resultado Oficial'!E25>'Resultado Oficial'!G25),3, IF(AND(E25=G25,'Resultado Oficial'!E25='Resultado Oficial'!G25),3, IF(AND(E25<G25,'Resultado Oficial'!E25<'Resultado Oficial'!G25),3,0)))))))) | LN25: Grupo D
LM26: Seleção | LN26: PT | LO26: J | LP26: V | LQ26: E | LR26: D | LS26: GP | LT26: GC | LU26: SG
A27: Primeira fase GRUPO B | LM27: França | LN27: =IF(OR(E45="",G45=""),0,IF(LO27=0,0,IF(E45>G45,3,IF(E45=G45,1,0)))+IF(OR(E47="",G47=""),0,IF(E47>G47,3,IF(E47=G47,1,0)))+IF(OR(G49="",E49=""),0,IF(G49>E49,3,IF(G49=E49,1,0)))) -> 0 | LO27: =IF(AND(E45<>"",G45<>""),1,0)+IF(AND(E47<>"",G47<>""),1,0)+IF(AND(E49<>"",G49<>""),1,0) -> 0 | LP27: =IF(OR(E45="",G45=""),0,IF(E45>G45,1,0))+IF(OR(E47="",G47=""),0,IF(E47>G47,1,0))+IF(OR(G49="",E49=""),0,IF(G49>E49,1,0)) -> 0 | LQ27: =IF(OR(E45="",G45=""),0,IF(E45=G45,1,0))+IF(OR(E47="",G47=""),0,IF(E47=G47,1,0))+IF(OR(G49="",E49=""),0,IF(G49=E49,1,0)) -> 0 | LR27: =IF(OR(E45="",G45=""),0,IF(E45<G45,1,0))+IF(OR(E47="",G47=""),0,IF(E47<G47,1,0))+IF(OR(G49="",E49=""),0,IF(G49<E49,1,0)) -> 0 | LS27: =E45+E47+G49 -> 0 | LT27: =G45+G47+E49 -> 0 | LU27: =LS27-LT27 -> 0 | LV27: =LN27 -> 0 | LW27: =LU27/10 -> 0 | LX27: =LS27/100 -> 0 | LY27: =SUM(LV27:LX27) -> 0 | LZ27: =IF(LY27=LY28,IF(E45>G45,0.001,0),0) -> 0 | MA27: =IF(LY27=LY29,IF(E47>G47,0.001,0),0) -> 0 | MB27: =IF(LY27=LY30,IF(G49>E49,0.001,0),0) -> 0 | MC27: =SUM(LY27:MB27) -> 0 | MD27: =RANK($MC$27,$MC$27:$MC$30,0) -> 1 | ME27: =MD27 -> 1 | MF27: 1 | MG27: =MATCH(MF27,$ME$27:$ME$30,0) -> 1 | MH27: =INDEX($LM$27:$LM$30,MG27) -> França
A28: 44886 | B28: 0.41666667 | C28: Inglaterra | F28: x | I28: Irã | J28: Intern. Khalifa | L28: Classificação do grupo B | Z28: =IF(OR(E28="",G28="",'Resultado Oficial'!E28="",'Resultado Oficial'!G28=""),"", IF(AND(E28='Resultado Oficial'!E28,G28='Resultado Oficial'!G28),10, IF(AND(E28=G28,'Resultado Oficial'!E28='Resultado Oficial'!G28,ABS((E28-'Resultado Oficial'!E28))=1),6, IF(AND(E28>G28,'Resultado Oficial'!E28>'Resultado Oficial'!G28,((E28-'Resultado Oficial'!E28)=(G28-'Resultado Oficial'!G28))),6, IF(AND(E28<G28,'Resultado Oficial'!E28<'Resultado Oficial'!G28,(('Resultado Oficial'!E28-E28)=('Resultado Oficial'!G28-G28))),6, IF(AND(E28>G28,'Resultado Oficial'!E28>'Resultado Oficial'!G28),3, IF(AND(E28=G28,'Resultado Oficial'!E28='Resultado Oficial'!G28),3, IF(AND(E28<G28,'Resultado Oficial'!E28<'Resultado Oficial'!G28),3,0)))))))) | LM28: Austrália | LN28: =IF(OR(G45="",E45=""),0,IF(LO28=0,0,IF(G45>E45,3,IF(G45=E45,1,0)))+IF(OR(G46="",E46=""),0,IF(G46>E46,3,IF(G46=E46,1,0)))+IF(OR(G48="",E48=""),0,IF(E48>G48,3,IF(E48=G48,1,0)))) -> 0 | LO28: =IF(AND(E45<>"",G45<>""),1,0)+IF(AND(E46<>"",G46<>""),1,0)+IF(AND(E48<>"",G48<>""),1,0) -> 0 | LP28: =IF(OR(G45="",E45=""),0,IF(G45>E45,1,0))+IF(OR(G46="",E46=""),0,IF(G46>E46,1,0))+IF(OR(E48="",G48=""),0,IF(E48>G48,1,0)) -> 0 | LQ28: =IF(OR(G45="",E45=""),0,IF(G45=E45,1,0))+IF(OR(G46="",E46=""),0,IF(G46=E46,1,0))+IF(OR(E48="",G48=""),0,IF(E48=G48,1,0)) -> 0 | LR28: =IF(OR(G45="",E45=""),0,IF(G45<E45,1,0))+IF(OR(G46="",E46=""),0,IF(G46<E46,1,0))+IF(OR(E48="",G48=""),0,IF(E48<G48,1,0)) -> 0 | LS28: =G45+G46+E48 -> 0 | LT28: =E45+E46+G48 -> 0 | LU28: =LS28-LT28 -> 0 | LV28: =LN28 -> 0 | LW28: =LU28/10 -> 0 | LX28: =LS28/100 -> 0 | LY28: =SUM(LV28:LX28) -> 0 | LZ28: =IF(LY28=LY27,IF(G45>E45,0.001,0),0) -> 0 | MA28: =IF(LY28=LY29,IF(E48>G48,0.001,0),0) -> 0 | MB28: =IF(LY28=LY30,IF(G46>E46,0.001,0),0) -> 0 | MC28: =SUM(LY28:MB28) -> 0 | MD28: =RANK($MC$28,$MC$27:$MC$30,0) -> 1 | ME28: =IF(OR(AND(MD27=MD28,MD27=MD29,MD27=MD30),AND(MD28=MD27,MD28=MD29),AND(MD28=MD27,MD28=MD30),MD28=MD27),MD28+1,MD28) -> 2 | MF28: 2 | MG28: =MATCH(MF28,$ME$27:$ME$30,0) -> 2 | MH28: =INDEX($LM$27:$LM$30,MG28) -> Austrália
A29: 44886 | B29: 0.66666667 | C29: Estados Unidos | F29: x | I29: País de Gales | J29: Al Rayan | M29: PT | N29: J | O29: V | P29: E | Q29: D | R29: GP | S29: GC | T29: SG | V29: =A27 -> Primeira fase GRUPO B | X29: Pontos | Z29: =IF(OR(E29="",G29="",'Resultado Oficial'!E29="",'Resultado Oficial'!G29=""),"", IF(AND(E29='Resultado Oficial'!E29,G29='Resultado Oficial'!G29),10, IF(AND(E29=G29,'Resultado Oficial'!E29='Resultado Oficial'!G29,ABS((E29-'Resultado Oficial'!E29))=1),6, IF(AND(E29>G29,'Resultado Oficial'!E29>'Resultado Oficial'!G29,((E29-'Resultado Oficial'!E29)=(G29-'Resultado Oficial'!G29))),6, IF(AND(E29<G29,'Resultado Oficial'!E29<'Resultado Oficial'!G29,(('Resultado Oficial'!E29-E29)=('Resultado Oficial'!G29-G29))),6, IF(AND(E29>G29,'Resultado Oficial'!E29>'Resultado Oficial'!G29),3, IF(AND(E29=G29,'Resultado Oficial'!E29='Resultado Oficial'!G29),3, IF(AND(E29<G29,'Resultado Oficial'!E29<'Resultado Oficial'!G29),3,0)))))))) | LM29: Dinamarca | LN29: =IF(OR(E44="",G44=""),0,IF(LO29=0,0,IF(E44>G44,3,IF(E44=G44,1,0)))+IF(OR(G47="",E47=""),0,IF(G47>E47,3,IF(G47=E47,1,0)))+IF(OR(G48="",E48=""),0,IF(G48>E48,3,IF(E48=G48,1,0)))) -> 0 | LO29: =IF(AND(E44<>"",G44<>""),1,0)+IF(AND(E47<>"",G47<>""),1,0)+IF(AND(E48<>"",G48<>""),1,0) -> 0 | LP29: =IF(OR(E44="",G44=""),0,IF(E44>G44,1,0))+IF(OR(G47="",E47=""),0,IF(G47>E47,1,0))+IF(OR(G48="",E48=""),0,IF(G48>E48,1,0)) -> 0 | LQ29: =IF(OR(E44="",G44=""),0,IF(E44=G44,1,0))+IF(OR(G47="",E47=""),0,IF(G47=E47,1,0))+IF(OR(G48="",E48=""),0,IF(G48=E48,1,0)) -> 0 | LR29: =IF(OR(E44="",G44=""),0,IF(E44<G44,1,0))+IF(OR(G47="",E47=""),0,IF(G47<E47,1,0))+IF(OR(G48="",E48=""),0,IF(G48<E48,1,0)) -> 0 | LS29: =E44+G47+G48 -> 0 | LT29: =G44+E47+E48 -> 0 | LU29: =LS29-LT29 -> 0 | LV29: =LN29 -> 0 | LW29: =LU29/10 -> 0 | LX29: =LS29/100 -> 0 | LY29: =SUM(LV29:LX29) -> 0 | LZ29: =IF(LY29=LY27,IF(G47>E47,0.001,0),0) -> 0 | MA29: =IF(LY29=LY28,IF(G48>E48,0.001,0),0) -> 0 | MB29: =IF(LY29=LY30,IF(E44>G44,0.001,0),0) -> 0 | MC29: =SUM(LY29:MB29) -> 0 | MD29: =RANK($MC$29,$MC$27:$MC$30,0) -> 1 | ME29: =IF(OR(AND(MD27=MD28,MD27=MD29,MD27=MD30),AND(MD29=MD27,MD29=MD28)),MD29+2,IF(OR(AND(MD29=MD28,MD29=MD30),MD29=MD27,MD29=MD28),MD29+1,MD29)) -> 3 | MF29: 3 | MG29: =MATCH(MF29,$ME$27:$ME$30,0) -> 3 | MH29: =INDEX($LM$27:$LM$30,MG29) -> Dinamarca
A30: 44890 | B30: 0.29166667 | C30: País de Gales | F30: x | I30: Irã | J30: Al Rayan | L30: ='Nome Palpiteiro'!MH11 -> Inglaterra | M30: =VLOOKUP(L30,'Nome Palpiteiro'!$LM$11:$LU$14,2,FALSE) -> 0 | N30: =VLOOKUP(L30,'Nome Palpiteiro'!$LM$11:$LU$14,3,FALSE) -> 0 | O30: =VLOOKUP(L30,'Nome Palpiteiro'!$LM$11:$LU$14,4,FALSE) -> 0 | P30: =VLOOKUP(L30,'Nome Palpiteiro'!$LM$11:$LU$14,5,FALSE) -> 0 | Q30: =VLOOKUP(L30,'Nome Palpiteiro'!$LM$11:$LU$14,6,FALSE) -> 0 | R30: =VLOOKUP(L30,'Nome Palpiteiro'!$LM$11:$LU$14,7,FALSE) -> 0 | S30: =VLOOKUP(L30,'Nome Palpiteiro'!$LM$11:$LU$14,8,FALSE) -> 0 | T30: =VLOOKUP(L30,'Nome Palpiteiro'!$LM$11:$LU$14,9,FALSE) -> 0 | V30: 1o Colocado | W30: =IF(N30<>3,"",L30) | X30: =IF(AND(W30<>"",'Resultado Oficial'!W30<>"",'Resultado Oficial'!W31<>""),IF(W30='Resultado Oficial'!W30,5,IF(W30='Resultado Oficial'!W31,2,0)),"") | Z30: =IF(OR(E30="",G30="",'Resultado Oficial'!E30="",'Resultado Oficial'!G30=""),"", IF(AND(E30='Resultado Oficial'!E30,G30='Resultado Oficial'!G30),10, IF(AND(E30=G30,'Resultado Oficial'!E30='Resultado Oficial'!G30,ABS((E30-'Resultado Oficial'!E30))=1),6, IF(AND(E30>G30,'Resultado Oficial'!E30>'Resultado Oficial'!G30,((E30-'Resultado Oficial'!E30)=(G30-'Resultado Oficial'!G30))),6, IF(AND(E30<G30,'Resultado Oficial'!E30<'Resultado Oficial'!G30,(('Resultado Oficial'!E30-E30)=('Resultado Oficial'!G30-G30))),6, IF(AND(E30>G30,'Resultado Oficial'!E30>'Resultado Oficial'!G30),3, IF(AND(E30=G30,'Resultado Oficial'!E30='Resultado Oficial'!G30),3, IF(AND(E30<G30,'Resultado Oficial'!E30<'Resultado Oficial'!G30),3,0)))))))) | LM30: Tunísia | LN30: =IF(OR(G44="",E44=""),0,IF(LO30=0,0,IF(G44>E44,3,IF(G46=E46,1,0)))+IF(OR(E46="",G46=""),0,IF(E46>G46,3,IF(E46=G46,1,0)))+IF(OR(E49="",G49=""),0,IF(E49>G49,3,IF(E49=G49,1,0)))) -> 0 | LO30: =IF(AND(E44<>"",G44<>""),1,0)+IF(AND(E46<>"",G46<>""),1,0)+IF(AND(E49<>"",G49<>""),1,0) -> 0 | LP30: =IF(OR(G44="",E44=""),0,IF(G44>E44,1,0))+IF(OR(E46="",G46=""),0,IF(E46>G46,1,0))+IF(OR(E49="",G49=""),0,IF(E49>G49,1,0)) -> 0 | LQ30: =IF(OR(G44="",E44=""),0,IF(G44=E44,1,0))+IF(OR(E46="",G46=""),0,IF(E46=G46,1,0))+IF(OR(E49="",G49=""),0,IF(E49=G49,1,0)) -> 0 | LR30: =IF(OR(G44="",E44=""),0,IF(G44<E44,1,0))+IF(OR(E46="",G46=""),0,IF(E46<G46,1,0))+IF(OR(E49="",G49=""),0,IF(E49<G49,1,0)) -> 0 | LS30: =G44+E46+E49 -> 0 | LT30: =E44+G46+G49 -> 0 | LU30: =LS30-LT30 -> 0 | LV30: =LN30 -> 0 | LW30: =LU30/10 -> 0 | LX30: =LS30/100 -> 0 | LY30: =SUM(LV30:LX30) -> 0 | LZ30: =IF(LY30=LY27,IF(E49>G49,0.001,0),0) -> 0 | MA30: =IF(LY30=LY28,IF(E46>G46,0.001,0),0) -> 0 | MB30: =IF(LY30=LY29,IF(G44>E44,0.001,0),0) -> 0 | MC30: =SUM(LY30:MB30) -> 0 | MD30: =RANK($MC$30,$MC$27:$MC$30,0) -> 1 | ME30: =IF(AND(MD27=MD28,MD27=MD29,MD27=MD30),MD30+3,IF(OR(AND(MD30=MD29,MD30=MD28),AND(MD30=MD28,MD30=MD27)),MD30+2,IF(OR(MD30=MD29,MD30=MD28,MD30=MD27),MD30+1,MD30))) -> 4 | MF30: 4 | MG30: =MATCH(MF30,$ME$27:$ME$30,0) -> 4 | MH30: =INDEX($LM$27:$LM$30,MG30) -> Tunísia
A31: 44890 | B31: 0.66666667 | C31: Inglaterra | F31: x | I31: Estados Unidos | J31: Al Bayt | L31: ='Nome Palpiteiro'!MH12 -> Irã | M31: =VLOOKUP(L31,'Nome Palpiteiro'!$LM$11:$LU$14,2,FALSE) -> 0 | N31: =VLOOKUP(L31,'Nome Palpiteiro'!$LM$11:$LU$14,3,FALSE) -> 0 | O31: =VLOOKUP(L31,'Nome Palpiteiro'!$LM$11:$LU$14,4,FALSE) -> 0 | P31: =VLOOKUP(L31,'Nome Palpiteiro'!$LM$11:$LU$14,5,FALSE) -> 0 | Q31: =VLOOKUP(L31,'Nome Palpiteiro'!$LM$11:$LU$14,6,FALSE) -> 0 | R31: =VLOOKUP(L31,'Nome Palpiteiro'!$LM$11:$LU$14,7,FALSE) -> 0 | S31: =VLOOKUP(L31,'Nome Palpiteiro'!$LM$11:$LU$14,8,FALSE) -> 0 | T31: =VLOOKUP(L31,'Nome Palpiteiro'!$LM$11:$LU$14,9,FALSE) -> 0 | V31: 2o Colocado | W31: =IF(N31<>3,"",L31) | X31: =IF(AND(W31<>"",'Resultado Oficial'!W30<>"",'Resultado Oficial'!W31<>""),IF(W31='Resultado Oficial'!W31,5,IF(W31='Resultado Oficial'!W30,2,0)),"") | Z31: =IF(OR(E31="",G31="",'Resultado Oficial'!E31="",'Resultado Oficial'!G31=""),"", IF(AND(E31='Resultado Oficial'!E31,G31='Resultado Oficial'!G31),10, IF(AND(E31=G31,'Resultado Oficial'!E31='Resultado Oficial'!G31,ABS((E31-'Resultado Oficial'!E31))=1),6, IF(AND(E31>G31,'Resultado Oficial'!E31>'Resultado Oficial'!G31,((E31-'Resultado Oficial'!E31)=(G31-'Resultado Oficial'!G31))),6, IF(AND(E31<G31,'Resultado Oficial'!E31<'Resultado Oficial'!G31,(('Resultado Oficial'!E31-E31)=('Resultado Oficial'!G31-G31))),6, IF(AND(E31>G31,'Resultado Oficial'!E31>'Resultado Oficial'!G31),3, IF(AND(E31=G31,'Resultado Oficial'!E31='Resultado Oficial'!G31),3, IF(AND(E31<G31,'Resultado Oficial'!E31<'Resultado Oficial'!G31),3,0))))))))
A32: 44894 | B32: 0.66666667 | C32: País de Gales | F32: x | I32: Inglaterra | J32: Al Rayan | L32: ='Nome Palpiteiro'!MH13 -> Estados Unidos | M32: =VLOOKUP(L32,'Nome Palpiteiro'!$LM$11:$LU$14,2,FALSE) -> 0 | N32: =VLOOKUP(L32,'Nome Palpiteiro'!$LM$11:$LU$14,3,FALSE) -> 0 | O32: =VLOOKUP(L32,'Nome Palpiteiro'!$LM$11:$LU$14,4,FALSE) -> 0 | P32: =VLOOKUP(L32,'Nome Palpiteiro'!$LM$11:$LU$14,5,FALSE) -> 0 | Q32: =VLOOKUP(L32,'Nome Palpiteiro'!$LM$11:$LU$14,6,FALSE) -> 0 | R32: =VLOOKUP(L32,'Nome Palpiteiro'!$LM$11:$LU$14,7,FALSE) -> 0 | S32: =VLOOKUP(L32,'Nome Palpiteiro'!$LM$11:$LU$14,8,FALSE) -> 0 | T32: =VLOOKUP(L32,'Nome Palpiteiro'!$LM$11:$LU$14,9,FALSE) -> 0 | Z32: =IF(OR(E32="",G32="",'Resultado Oficial'!E32="",'Resultado Oficial'!G32=""),"", IF(AND(E32='Resultado Oficial'!E32,G32='Resultado Oficial'!G32),10, IF(AND(E32=G32,'Resultado Oficial'!E32='Resultado Oficial'!G32,ABS((E32-'Resultado Oficial'!E32))=1),6, IF(AND(E32>G32,'Resultado Oficial'!E32>'Resultado Oficial'!G32,((E32-'Resultado Oficial'!E32)=(G32-'Resultado Oficial'!G32))),6, IF(AND(E32<G32,'Resultado Oficial'!E32<'Resultado Oficial'!G32,(('Resultado Oficial'!E32-E32)=('Resultado Oficial'!G32-G32))),6, IF(AND(E32>G32,'Resultado Oficial'!E32>'Resultado Oficial'!G32),3, IF(AND(E32=G32,'Resultado Oficial'!E32='Resultado Oficial'!G32),3, IF(AND(E32<G32,'Resultado Oficial'!E32<'Resultado Oficial'!G32),3,0))))))))
A33: 44894 | B33: 0.66666667 | C33: Irã | F33: x | I33: Estados Unidos | J33: Al Thumana | L33: ='Nome Palpiteiro'!MH14 -> País de Gales | M33: =VLOOKUP(L33,'Nome Palpiteiro'!$LM$11:$LU$14,2,FALSE) -> 0 | N33: =VLOOKUP(L33,'Nome Palpiteiro'!$LM$11:$LU$14,3,FALSE) -> 0 | O33: =VLOOKUP(L33,'Nome Palpiteiro'!$LM$11:$LU$14,4,FALSE) -> 0 | P33: =VLOOKUP(L33,'Nome Palpiteiro'!$LM$11:$LU$14,5,FALSE) -> 0 | Q33: =VLOOKUP(L33,'Nome Palpiteiro'!$LM$11:$LU$14,6,FALSE) -> 0 | R33: =VLOOKUP(L33,'Nome Palpiteiro'!$LM$11:$LU$14,7,FALSE) -> 0 | S33: =VLOOKUP(L33,'Nome Palpiteiro'!$LM$11:$LU$14,8,FALSE) -> 0 | T33: =VLOOKUP(L33,'Nome Palpiteiro'!$LM$11:$LU$14,9,FALSE) -> 0 | Z33: =IF(OR(E33="",G33="",'Resultado Oficial'!E33="",'Resultado Oficial'!G33=""),"", IF(AND(E33='Resultado Oficial'!E33,G33='Resultado Oficial'!G33),10, IF(AND(E33=G33,'Resultado Oficial'!E33='Resultado Oficial'!G33,ABS((E33-'Resultado Oficial'!E33))=1),6, IF(AND(E33>G33,'Resultado Oficial'!E33>'Resultado Oficial'!G33,((E33-'Resultado Oficial'!E33)=(G33-'Resultado Oficial'!G33))),6, IF(AND(E33<G33,'Resultado Oficial'!E33<'Resultado Oficial'!G33,(('Resultado Oficial'!E33-E33)=('Resultado Oficial'!G33-G33))),6, IF(AND(E33>G33,'Resultado Oficial'!E33>'Resultado Oficial'!G33),3, IF(AND(E33=G33,'Resultado Oficial'!E33='Resultado Oficial'!G33),3, IF(AND(E33<G33,'Resultado Oficial'!E33<'Resultado Oficial'!G33),3,0)))))))) | LN33: Grupo E
LM34: Seleção | LN34: PT | LO34: J | LP34: V | LQ34: =IF(OR(E51="",G51=""),0,IF(E51=G51,1,0))+IF(OR(E53="",G53=""),0,IF(E53=G53,1,0))+IF(OR(G55="",E55=""),0,IF(G55=E55,1,0)) -> 0 | LR34: D | LS34: GP | LT34: GC | LU34: SG
A35: Primeira fase GRUPO C | LM35: Espanha | LN35: =IF(OR(E53="",G53=""),0,IF(LO35=0,0,IF(E53>G53,3,IF(E53=G53,1,0)))+IF(OR(E55="",G55=""),0,IF(E55>G55,3,IF(E55=G55,1,0)))+IF(OR(G56="",E56=""),0,IF(G56>E56,3,IF(G56=E56,1,0)))) -> 0 | LO35: =IF(AND(E53<>"",G53<>""),1,0)+IF(AND(E55<>"",G55<>""),1,0)+IF(AND(E56<>"",G56<>""),1,0) -> 0 | LP35: =IF(OR(E53="",G53=""),0,IF(E53>G53,1,0))+IF(OR(E55="",G55=""),0,IF(E55>G55,1,0))+IF(OR(G56="",E56=""),0,IF(G56>E56,1,0)) -> 0 | LQ35: =IF(OR(E53="",G53=""),0,IF(E53=G53,1,0))+IF(OR(E55="",G55=""),0,IF(E55=G55,1,0))+IF(OR(G56="",E56=""),0,IF(G56=E56,1,0)) -> 0 | LR35: =IF(OR(E53="",G53=""),0,IF(E53<G53,1,0))+IF(OR(E55="",G55=""),0,IF(E55<G55,1,0))+IF(OR(G56="",E56=""),0,IF(G56<E56,1,0)) -> 0 | LS35: =E53+E55+G56 -> 0 | LT35: =G53+G55+E56 -> 0 | LU35: =LS35-LT35 -> 0 | LV35: =LN35 -> 0 | LW35: =LU35/10 -> 0 | LX35: =LS35/100 -> 0 | LY35: =SUM(LV35:LX35) -> 0 | LZ35: =IF(LY35=LY36,IF(E53>G53,0.001,0),0) -> 0 | MA35: =IF(LY35=LY37,IF(E55>G55,0.001,0),0) -> 0 | MB35: =IF(LY35=LY38,IF(G56>E56,0.001,0),0) -> 0 | MC35: =SUM(LY35:MB35) -> 0 | MD35: =RANK($MC$35,$MC$35:$MC$38,0) -> 1 | ME35: =MD35 -> 1 | MF35: 1 | MG35: =MATCH(MF35,$ME$35:$ME$38,0) -> 1 | MH35: =INDEX($LM$35:$LM$38,MG35) -> Espanha
A36: 44887 | B36: 0.29166667 | C36: Argentina | F36: x | I36: Arábia Saudita | J36: Lusail | L36: Classificação do grupo C | Z36: =IF(OR(E36="",G36="",'Resultado Oficial'!E36="",'Resultado Oficial'!G36=""),"", IF(AND(E36='Resultado Oficial'!E36,G36='Resultado Oficial'!G36),10, IF(AND(E36=G36,'Resultado Oficial'!E36='Resultado Oficial'!G36,ABS((E36-'Resultado Oficial'!E36))=1),6, IF(AND(E36>G36,'Resultado Oficial'!E36>'Resultado Oficial'!G36,((E36-'Resultado Oficial'!E36)=(G36-'Resultado Oficial'!G36))),6, IF(AND(E36<G36,'Resultado Oficial'!E36<'Resultado Oficial'!G36,(('Resultado Oficial'!E36-E36)=('Resultado Oficial'!G36-G36))),6, IF(AND(E36>G36,'Resultado Oficial'!E36>'Resultado Oficial'!G36),3, IF(AND(E36=G36,'Resultado Oficial'!E36='Resultado Oficial'!G36),3, IF(AND(E36<G36,'Resultado Oficial'!E36<'Resultado Oficial'!G36),3,0)))))))) | LM36: Costa Rica | LN36: =IF(OR(G53="",E53=""),0,IF(LO36=0,0,IF(G53>E53,3,IF(G53=E53,1,0)))+IF(OR(G54="",E54=""),0,IF(G54>E54,3,IF(G54=E54,1,0)))+IF(OR(G57="",E57=""),0,IF(E57>G57,3,IF(E57=G57,1,0)))) -> 0 | LO36: =IF(AND(E53<>"",G53<>""),1,0)+IF(AND(E54<>"",G54<>""),1,0)+IF(AND(E57<>"",G57<>""),1,0) -> 0 | LP36: =IF(OR(G53="",E53=""),0,IF(G53>E53,1,0))+IF(OR(G54="",E54=""),0,IF(G54>E54,1,0))+IF(OR(E57="",G57=""),0,IF(E57>G57,1,0)) -> 0 | LQ36: =IF(OR(G53="",E53=""),0,IF(G53=E53,1,0))+IF(OR(G54="",E54=""),0,IF(G54=E54,1,0))+IF(OR(E57="",G57=""),0,IF(E57=G57,1,0)) -> 0 | LR36: =IF(OR(G53="",E53=""),0,IF(G53<E53,1,0))+IF(OR(G54="",E54=""),0,IF(G54<E54,1,0))+IF(OR(E57="",G57=""),0,IF(E57<G57,1,0)) -> 0 | LS36: =G53+G54+E57 -> 0 | LT36: =E53+E54+G57 -> 0 | LU36: =LS36-LT36 -> 0 | LV36: =LN36 -> 0 | LW36: =LU36/10 -> 0 | LX36: =LS36/100 -> 0 | LY36: =SUM(LV36:LX36) -> 0 | LZ36: =IF(LY36=LY35,IF(G53>E53,0.001,0),0) -> 0 | MA36: =IF(LY36=LY37,IF(E57>G57,0.001,0),0) -> 0 | MB36: =IF(LY36=LY38,IF(G54>E54,0.001,0),0) -> 0 | MC36: =SUM(LY36:MB36) -> 0 | MD36: =RANK($MC$36,$MC$35:$MC$38,0) -> 1 | ME36: =IF(OR(AND(MD35=MD36,MD35=MD37,MD35=MD38),AND(MD36=MD35,MD36=MD37),AND(MD36=MD35,MD36=MD38),MD36=MD35),MD36+1,MD36) -> 2 | MF36: 2 | MG36: =MATCH(MF36,$ME$35:$ME$38,0) -> 2 | MH36: =INDEX($LM$35:$LM$38,MG36) -> Costa Rica
A37: 44887 | B37: 0.54166667 | C37: México | F37: x | I37: Polônia | J37: Estádio 974 | M37: PT | N37: J | O37: V | P37: E | Q37: D | R37: GP | S37: GC | T37: SG | V37: =A35 -> Primeira fase GRUPO C | X37: Pontos | Z37: =IF(OR(E37="",G37="",'Resultado Oficial'!E37="",'Resultado Oficial'!G37=""),"", IF(AND(E37='Resultado Oficial'!E37,G37='Resultado Oficial'!G37),10, IF(AND(E37=G37,'Resultado Oficial'!E37='Resultado Oficial'!G37,ABS((E37-'Resultado Oficial'!E37))=1),6, IF(AND(E37>G37,'Resultado Oficial'!E37>'Resultado Oficial'!G37,((E37-'Resultado Oficial'!E37)=(G37-'Resultado Oficial'!G37))),6, IF(AND(E37<G37,'Resultado Oficial'!E37<'Resultado Oficial'!G37,(('Resultado Oficial'!E37-E37)=('Resultado Oficial'!G37-G37))),6, IF(AND(E37>G37,'Resultado Oficial'!E37>'Resultado Oficial'!G37),3, IF(AND(E37=G37,'Resultado Oficial'!E37='Resultado Oficial'!G37),3, IF(AND(E37<G37,'Resultado Oficial'!E37<'Resultado Oficial'!G37),3,0)))))))) | LM37: Alemanha | LN37: =IF(OR(E52="",G52=""),0,IF(LO37=0,0,IF(E52>G52,3,IF(E52=G52,1,0)))+IF(OR(G55="",E55=""),0,IF(G55>E55,3,IF(G55=E55,1,0)))+IF(OR(G57="",E57=""),0,IF(G57>E57,3,IF(E57=G57,1,0)))) -> 0 | LO37: =IF(AND(E52<>"",G52<>""),1,0)+IF(AND(E55<>"",G55<>""),1,0)+IF(AND(E57<>"",G57<>""),1,0) -> 0 | LP37: =IF(OR(E52="",G52=""),0,IF(E52>G52,1,0))+IF(OR(G55="",E55=""),0,IF(G55>E55,1,0))+IF(OR(G57="",E57=""),0,IF(G57>E57,1,0)) -> 0 | LQ37: =IF(OR(E52="",G52=""),0,IF(E52=G52,1,0))+IF(OR(G55="",E55=""),0,IF(G55=E55,1,0))+IF(OR(G57="",E57=""),0,IF(G57=E57,1,0)) -> 0 | LR37: =IF(OR(E52="",G52=""),0,IF(E52<G52,1,0))+IF(OR(G55="",E55=""),0,IF(G55<E55,1,0))+IF(OR(G57="",E57=""),0,IF(G57<E57,1,0)) -> 0 | LS37: =E52+G55+G57 -> 0 | LT37: =G52+E55+E57 -> 0 | LU37: =LS37-LT37 -> 0 | LV37: =LN37 -> 0 | LW37: =LU37/10 -> 0 | LX37: =LS37/100 -> 0 | LY37: =SUM(LV37:LX37) -> 0 | LZ37: =IF(LY37=LY35,IF(G55>E55,0.001,0),0) -> 0 | MA37: =IF(LY37=LY36,IF(G57>E57,0.001,0),0) -> 0 | MB37: =IF(LY37=LY38,IF(E52>G52,0.001,0),0) -> 0 | MC37: =SUM(LY37:MB37) -> 0 | MD37: =RANK($MC$37,$MC$35:$MC$38,0) -> 1 | ME37: =IF(OR(AND(MD35=MD36,MD35=MD37,MD35=MD38),AND(MD37=MD35,MD37=MD36)),MD37+2,IF(OR(AND(MD37=MD36,MD37=MD38),MD37=MD35,MD37=MD36),MD37+1,MD37)) -> 3 | MF37: 3 | MG37: =MATCH(MF37,$ME$35:$ME$38,0) -> 3 | MH37: =INDEX($LM$35:$LM$38,MG37) -> Alemanha
A38: 44891 | B38: 0.41666667 | C38: Polônia | F38: x | I38: Arábia Saudita | J38: Cid. da Educ. | L38: ='Nome Palpiteiro'!MH19 -> Argentina | M38: =VLOOKUP(L38,'Nome Palpiteiro'!$LM$19:$LU$22,2,FALSE) -> 0 | N38: =VLOOKUP(L38,'Nome Palpiteiro'!$LM$19:$LU$22,3,FALSE) -> 0 | O38: =VLOOKUP(L38,'Nome Palpiteiro'!$LM$19:$LU$22,4,FALSE) -> 0 | P38: =VLOOKUP(L38,'Nome Palpiteiro'!$LM$19:$LU$22,5,FALSE) -> 0 | Q38: =VLOOKUP(L38,'Nome Palpiteiro'!$LM$19:$LU$22,6,FALSE) -> 0 | R38: =VLOOKUP(L38,'Nome Palpiteiro'!$LM$19:$LU$22,7,FALSE) -> 0 | S38: =VLOOKUP(L38,'Nome Palpiteiro'!$LM$19:$LU$22,8,FALSE) -> 0 | T38: =VLOOKUP(L38,'Nome Palpiteiro'!$LM$19:$LU$22,9,FALSE) -> 0 | V38: 1o Colocado | W38: =IF(N38<>3,"",L38) | X38: =IF(AND(W38<>"",'Resultado Oficial'!W38<>"",'Resultado Oficial'!W39<>""),IF(W38='Resultado Oficial'!W38,5,IF(W38='Resultado Oficial'!W39,2,0)),"") | Z38: =IF(OR(E38="",G38="",'Resultado Oficial'!E38="",'Resultado Oficial'!G38=""),"", IF(AND(E38='Resultado Oficial'!E38,G38='Resultado Oficial'!G38),10, IF(AND(E38=G38,'Resultado Oficial'!E38='Resultado Oficial'!G38,ABS((E38-'Resultado Oficial'!E38))=1),6, IF(AND(E38>G38,'Resultado Oficial'!E38>'Resultado Oficial'!G38,((E38-'Resultado Oficial'!E38)=(G38-'Resultado Oficial'!G38))),6, IF(AND(E38<G38,'Resultado Oficial'!E38<'Resultado Oficial'!G38,(('Resultado Oficial'!E38-E38)=('Resultado Oficial'!G38-G38))),6, IF(AND(E38>G38,'Resultado Oficial'!E38>'Resultado Oficial'!G38),3, IF(AND(E38=G38,'Resultado Oficial'!E38='Resultado Oficial'!G38),3, IF(AND(E38<G38,'Resultado Oficial'!E38<'Resultado Oficial'!G38),3,0)))))))) | LM38: Japão | LN38: =IF(OR(G52="",E52=""),0,IF(LO38=0,0,IF(G52>E52,3,IF(G54=E54,1,0)))+IF(OR(E54="",G54=""),0,IF(E54>G54,3,IF(E54=G54,1,0)))+IF(OR(E56="",G56=""),0,IF(E56>G56,3,IF(E56=G56,1,0)))) -> 0 | LO38: =IF(AND(E52<>"",G52<>""),1,0)+IF(AND(E54<>"",G54<>""),1,0)+IF(AND(E56<>"",G56<>""),1,0) -> 0 | LP38: =IF(OR(G52="",E52=""),0,IF(G52>E52,1,0))+IF(OR(E54="",G54=""),0,IF(E54>G54,1,0))+IF(OR(E56="",G56=""),0,IF(E56>G56,1,0)) -> 0 | LQ38: =IF(OR(G52="",E52=""),0,IF(G52=E52,1,0))+IF(OR(E54="",G54=""),0,IF(E54=G54,1,0))+IF(OR(E56="",G56=""),0,IF(E56=G56,1,0)) -> 0 | LR38: =IF(OR(G52="",E52=""),0,IF(G52<E52,1,0))+IF(OR(E54="",G54=""),0,IF(E54<G54,1,0))+IF(OR(E56="",G56=""),0,IF(E56<G56,1,0)) -> 0 | LS38: =G52+E54+E56 -> 0 | LT38: =E52+G54+G56 -> 0 | LU38: =LS38-LT38 -> 0 | LV38: =LN38 -> 0 | LW38: =LU38/10 -> 0 | LX38: =LS38/100 -> 0 | LY38: =SUM(LV38:LX38) -> 0 | LZ38: =IF(LY38=LY35,IF(E56>G56,0.001,0),0) -> 0 | MA38: =IF(LY38=LY36,IF(E54>G54,0.001,0),0) -> 0 | MB38: =IF(LY38=LY37,IF(G52>E52,0.001,0),0) -> 0 | MC38: =SUM(LY38:MB38) -> 0 | MD38: =RANK($MC$38,$MC$35:$MC$38,0) -> 1 | ME38: =IF(AND(MD35=MD36,MD35=MD37,MD35=MD38),MD38+3,IF(OR(AND(MD38=MD37,MD38=MD36),AND(MD38=MD36,MD38=MD35)),MD38+2,IF(OR(MD38=MD37,MD38=MD36,MD38=MD35),MD38+1,MD38))) -> 4 | MF38: 4 | MG38: =MATCH(MF38,$ME$35:$ME$38,0) -> 4 | MH38: =INDEX($LM$35:$LM$38,MG38) -> Japão
A39: 44891 | B39: 0.66666667 | C39: Argentina | F39: x | I39: México | J39: Lusail | L39: ='Nome Palpiteiro'!MH20 -> Arábia Saudita | M39: =VLOOKUP(L39,'Nome Palpiteiro'!$LM$19:$LU$22,2,FALSE) -> 0 | N39: =VLOOKUP(L39,'Nome Palpiteiro'!$LM$19:$LU$22,3,FALSE) -> 0 | O39: =VLOOKUP(L39,'Nome Palpiteiro'!$LM$19:$LU$22,4,FALSE) -> 0 | P39: =VLOOKUP(L39,'Nome Palpiteiro'!$LM$19:$LU$22,5,FALSE) -> 0 | Q39: =VLOOKUP(L39,'Nome Palpiteiro'!$LM$19:$LU$22,6,FALSE) -> 0 | R39: =VLOOKUP(L39,'Nome Palpiteiro'!$LM$19:$LU$22,7,FALSE) -> 0 | S39: =VLOOKUP(L39,'Nome Palpiteiro'!$LM$19:$LU$22,8,FALSE) -> 0 | T39: =VLOOKUP(L39,'Nome Palpiteiro'!$LM$19:$LU$22,9,FALSE) -> 0 | V39: 2o Colocado | W39: =IF(N39<>3,"",L39) | X39: =IF(AND(W39<>"",'Resultado Oficial'!W38<>"",'Resultado Oficial'!W39<>""),IF(W39='Resultado Oficial'!W39,5,IF(W39='Resultado Oficial'!W38,2,0)),"") | Z39: =IF(OR(E39="",G39="",'Resultado Oficial'!E39="",'Resultado Oficial'!G39=""),"", IF(AND(E39='Resultado Oficial'!E39,G39='Resultado Oficial'!G39),10, IF(AND(E39=G39,'Resultado Oficial'!E39='Resultado Oficial'!G39,ABS((E39-'Resultado Oficial'!E39))=1),6, IF(AND(E39>G39,'Resultado Oficial'!E39>'Resultado Oficial'!G39,((E39-'Resultado Oficial'!E39)=(G39-'Resultado Oficial'!G39))),6, IF(AND(E39<G39,'Resultado Oficial'!E39<'Resultado Oficial'!G39,(('Resultado Oficial'!E39-E39)=('Resultado Oficial'!G39-G39))),6, IF(AND(E39>G39,'Resultado Oficial'!E39>'Resultado Oficial'!G39),3, IF(AND(E39=G39,'Resultado Oficial'!E39='Resultado Oficial'!G39),3, IF(AND(E39<G39,'Resultado Oficial'!E39<'Resultado Oficial'!G39),3,0))))))))
A40: 44895 | B40: 0.66666667 | C40: Polônia | F40: x | I40: Argentina | J40: Estádio 974 | L40: ='Nome Palpiteiro'!MH21 -> México | M40: =VLOOKUP(L40,'Nome Palpiteiro'!$LM$19:$LU$22,2,FALSE) -> 0 | N40: =VLOOKUP(L40,'Nome Palpiteiro'!$LM$19:$LU$22,3,FALSE) -> 0 | O40: =VLOOKUP(L40,'Nome Palpiteiro'!$LM$19:$LU$22,4,FALSE) -> 0 | P40: =VLOOKUP(L40,'Nome Palpiteiro'!$LM$19:$LU$22,5,FALSE) -> 0 | Q40: =VLOOKUP(L40,'Nome Palpiteiro'!$LM$19:$LU$22,6,FALSE) -> 0 | R40: =VLOOKUP(L40,'Nome Palpiteiro'!$LM$19:$LU$22,7,FALSE) -> 0 | S40: =VLOOKUP(L40,'Nome Palpiteiro'!$LM$19:$LU$22,8,FALSE) -> 0 | T40: =VLOOKUP(L40,'Nome Palpiteiro'!$LM$19:$LU$22,9,FALSE) -> 0 | Z40: =IF(OR(E40="",G40="",'Resultado Oficial'!E40="",'Resultado Oficial'!G40=""),"", IF(AND(E40='Resultado Oficial'!E40,G40='Resultado Oficial'!G40),10, IF(AND(E40=G40,'Resultado Oficial'!E40='Resultado Oficial'!G40,ABS((E40-'Resultado Oficial'!E40))=1),6, IF(AND(E40>G40,'Resultado Oficial'!E40>'Resultado Oficial'!G40,((E40-'Resultado Oficial'!E40)=(G40-'Resultado Oficial'!G40))),6, IF(AND(E40<G40,'Resultado Oficial'!E40<'Resultado Oficial'!G40,(('Resultado Oficial'!E40-E40)=('Resultado Oficial'!G40-G40))),6, IF(AND(E40>G40,'Resultado Oficial'!E40>'Resultado Oficial'!G40),3, IF(AND(E40=G40,'Resultado Oficial'!E40='Resultado Oficial'!G40),3, IF(AND(E40<G40,'Resultado Oficial'!E40<'Resultado Oficial'!G40),3,0))))))))
A41: 44895 | B41: 0.66666667 | C41: Arábia Saudita | F41: x | I41: México | J41: Lusail | L41: ='Nome Palpiteiro'!MH22 -> Polônia | M41: =VLOOKUP(L41,'Nome Palpiteiro'!$LM$19:$LU$22,2,FALSE) -> 0 | N41: =VLOOKUP(L41,'Nome Palpiteiro'!$LM$19:$LU$22,3,FALSE) -> 0 | O41: =VLOOKUP(L41,'Nome Palpiteiro'!$LM$19:$LU$22,4,FALSE) -> 0 | P41: =VLOOKUP(L41,'Nome Palpiteiro'!$LM$19:$LU$22,5,FALSE) -> 0 | Q41: =VLOOKUP(L41,'Nome Palpiteiro'!$LM$19:$LU$22,6,FALSE) -> 0 | R41: =VLOOKUP(L41,'Nome Palpiteiro'!$LM$19:$LU$22,7,FALSE) -> 0 | S41: =VLOOKUP(L41,'Nome Palpiteiro'!$LM$19:$LU$22,8,FALSE) -> 0 | T41: =VLOOKUP(L41,'Nome Palpiteiro'!$LM$19:$LU$22,9,FALSE) -> 0 | Z41: =IF(OR(E41="",G41="",'Resultado Oficial'!E41="",'Resultado Oficial'!G41=""),"", IF(AND(E41='Resultado Oficial'!E41,G41='Resultado Oficial'!G41),10, IF(AND(E41=G41,'Resultado Oficial'!E41='Resultado Oficial'!G41,ABS((E41-'Resultado Oficial'!E41))=1),6, IF(AND(E41>G41,'Resultado Oficial'!E41>'Resultado Oficial'!G41,((E41-'Resultado Oficial'!E41)=(G41-'Resultado Oficial'!G41))),6, IF(AND(E41<G41,'Resultado Oficial'!E41<'Resultado Oficial'!G41,(('Resultado Oficial'!E41-E41)=('Resultado Oficial'!G41-G41))),6, IF(AND(E41>G41,'Resultado Oficial'!E41>'Resultado Oficial'!G41),3, IF(AND(E41=G41,'Resultado Oficial'!E41='Resultado Oficial'!G41),3, IF(AND(E41<G41,'Resultado Oficial'!E41<'Resultado Oficial'!G41),3,0)))))))) | LN41: Grupo F
LM42: Seleção | LN42: PT | LO42: J | LP42: V | LQ42: =IF(OR(E59="",G59=""),0,IF(E59=G59,1,0))+IF(OR(E61="",G61=""),0,IF(E61=G61,1,0))+IF(OR(G63="",E63=""),0,IF(G63=E63,1,0)) -> 0 | LR42: D | LS42: GP | LT42: GC | LU42: SG
A43: Primeira fase GRUPO D | LM43: Bélgica | LN43: =IF(OR(E61="",G61=""),0,IF(LO43=0,0,IF(E61>G61,3,IF(E61=G61,1,0)))+IF(OR(E62="",G62=""),0,IF(E62>G62,3,IF(E62=G62,1,0)))+IF(OR(G64="",E64=""),0,IF(G64>E64,3,IF(G64=E64,1,0)))) -> 0 | LO43: =IF(AND(E61<>"",G61<>""),1,0)+IF(AND(E62<>"",G62<>""),1,0)+IF(AND(E64<>"",G64<>""),1,0) -> 0 | LP43: =IF(OR(E61="",G61=""),0,IF(E61>G61,1,0))+IF(OR(E62="",G62=""),0,IF(E62>G62,1,0))+IF(OR(G64="",E64=""),0,IF(G64>E64,1,0)) -> 0 | LQ43: =IF(OR(E61="",G61=""),0,IF(E61=G61,1,0))+IF(OR(E62="",G62=""),0,IF(E62=G62,1,0))+IF(OR(G64="",E64=""),0,IF(G64=E64,1,0)) -> 0 | LR43: =IF(OR(E61="",G61=""),0,IF(E61<G61,1,0))+IF(OR(E62="",G62=""),0,IF(E62<G62,1,0))+IF(OR(G64="",E64=""),0,IF(G64<E64,1,0)) -> 0 | LS43: =E61+E62+G64 -> 0 | LT43: =G61+G62+E64 -> 0 | LU43: =LS43-LT43 -> 0 | LV43: =LN43 -> 0 | LW43: =LU43/10 -> 0 | LX43: =LS43/100 -> 0 | LY43: =SUM(LV43:LX43) -> 0 | LZ43: =IF(LY43=LY44,IF(E61>G61,0.001,0),0) -> 0 | MA43: =IF(LY43=LY45,IF(E62>G62,0.001,0),0) -> 0 | MB43: =IF(LY43=LY46,IF(G64>E64,0.001,0),0) -> 0 | MC43: =SUM(LY43:MB43) -> 0 | MD43: =RANK($MC$43,$MC$43:$MC$46,0) -> 1 | ME43: =MD43 -> 1 | MF43: 1 | MG43: =MATCH(MF43,$ME$43:$ME$46,0) -> 1 | MH43: =INDEX($LM$43:$LM$46,MG43) -> Bélgica
A44: 44887 | B44: 0.41666667 | C44: Dinamarca | F44: x | I44: Tunísia | J44: Cid. da Educ. | L44: Classificação do grupo D | Z44: =IF(OR(E44="",G44="",'Resultado Oficial'!E44="",'Resultado Oficial'!G44=""),"", IF(AND(E44='Resultado Oficial'!E44,G44='Resultado Oficial'!G44),10, IF(AND(E44=G44,'Resultado Oficial'!E44='Resultado Oficial'!G44,ABS((E44-'Resultado Oficial'!E44))=1),6, IF(AND(E44>G44,'Resultado Oficial'!E44>'Resultado Oficial'!G44,((E44-'Resultado Oficial'!E44)=(G44-'Resultado Oficial'!G44))),6, IF(AND(E44<G44,'Resultado Oficial'!E44<'Resultado Oficial'!G44,(('Resultado Oficial'!E44-E44)=('Resultado Oficial'!G44-G44))),6, IF(AND(E44>G44,'Resultado Oficial'!E44>'Resultado Oficial'!G44),3, IF(AND(E44=G44,'Resultado Oficial'!E44='Resultado Oficial'!G44),3, IF(AND(E44<G44,'Resultado Oficial'!E44<'Resultado Oficial'!G44),3,0)))))))) | LM44: Canadá | LN44: =IF(OR(G61="",E61=""),0,IF(LO44=0,0,IF(G61>E61,3,IF(G61=E61,1,0)))+IF(OR(G63="",E63=""),0,IF(G63>E63,3,IF(G63=E63,1,0)))+IF(OR(G65="",E65=""),0,IF(E65>G65,3,IF(E65=G65,1,0)))) -> 0 | LO44: =IF(AND(E61<>"",G61<>""),1,0)+IF(AND(E63<>"",G63<>""),1,0)+IF(AND(E65<>"",G65<>""),1,0) -> 0 | LP44: =IF(OR(G61="",E61=""),0,IF(G61>E61,1,0))+IF(OR(G63="",E63=""),0,IF(G63>E63,1,0))+IF(OR(E65="",G65=""),0,IF(E65>G65,1,0)) -> 0 | LQ44: =IF(OR(G61="",E61=""),0,IF(G61=E61,1,0))+IF(OR(G63="",E63=""),0,IF(G63=E63,1,0))+IF(OR(E65="",G65=""),0,IF(E65=G65,1,0)) -> 0 | LR44: =IF(OR(G61="",E61=""),0,IF(G61<E61,1,0))+IF(OR(G63="",E63=""),0,IF(G63<E63,1,0))+IF(OR(E65="",G65=""),0,IF(E65<G65,1,0)) -> 0 | LS44: =G61+G63+E65 -> 0 | LT44: =E61+E63+G65 -> 0 | LU44: =LS44-LT44 -> 0 | LV44: =LN44 -> 0 | LW44: =LU44/10 -> 0 | LX44: =LS44/100 -> 0 | LY44: =SUM(LV44:LX44) -> 0 | LZ44: =IF(LY44=LY43,IF(G61>E61,0.001,0),0) -> 0 | MA44: =IF(LY44=LY45,IF(E65>G65,0.001,0),0) -> 0 | MB44: =IF(LY44=LY46,IF(G63>E63,0.001,0),0) -> 0 | MC44: =SUM(LY44:MB44) -> 0 | MD44: =RANK($MC$44,$MC$43:$MC$46,0) -> 1 | ME44: =IF(OR(AND(MD43=MD44,MD43=MD45,MD43=MD46),AND(MD44=MD43,MD44=MD45),AND(MD44=MD43,MD44=MD46),MD44=MD43),MD44+1,MD44) -> 2 | MF44: 2 | MG44: =MATCH(MF44,$ME$43:$ME$46,0) -> 2 | MH44: =INDEX($LM$43:$LM$46,MG44) -> Canadá
A45: 44887 | B45: 0.66666667 | C45: França | F45: x | I45: Austrália | J45: Al Janoub | M45: PT | N45: J | O45: V | P45: E | Q45: D | R45: GP | S45: GC | T45: SG | V45: =A43 -> Primeira fase GRUPO D | X45: Pontos | Z45: =IF(OR(E45="",G45="",'Resultado Oficial'!E45="",'Resultado Oficial'!G45=""),"", IF(AND(E45='Resultado Oficial'!E45,G45='Resultado Oficial'!G45),10, IF(AND(E45=G45,'Resultado Oficial'!E45='Resultado Oficial'!G45,ABS((E45-'Resultado Oficial'!E45))=1),6, IF(AND(E45>G45,'Resultado Oficial'!E45>'Resultado Oficial'!G45,((E45-'Resultado Oficial'!E45)=(G45-'Resultado Oficial'!G45))),6, IF(AND(E45<G45,'Resultado Oficial'!E45<'Resultado Oficial'!G45,(('Resultado Oficial'!E45-E45)=('Resultado Oficial'!G45-G45))),6, IF(AND(E45>G45,'Resultado Oficial'!E45>'Resultado Oficial'!G45),3, IF(AND(E45=G45,'Resultado Oficial'!E45='Resultado Oficial'!G45),3, IF(AND(E45<G45,'Resultado Oficial'!E45<'Resultado Oficial'!G45),3,0)))))))) | LM45: Marrocos | LN45: =IF(OR(E60="",G60=""),0,IF(LO45=0,0,IF(E60>G60,3,IF(E60=G60,1,0)))+IF(OR(G62="",E62=""),0,IF(G62>E62,3,IF(G62=E62,1,0)))+IF(OR(G65="",E65=""),0,IF(G65>E65,3,IF(E65=G65,1,0)))) -> 0 | LO45: =IF(AND(E60<>"",G60<>""),1,0)+IF(AND(E62<>"",G62<>""),1,0)+IF(AND(E65<>"",G65<>""),1,0) -> 0 | LP45: =IF(OR(E60="",G60=""),0,IF(E60>G60,1,0))+IF(OR(G62="",E62=""),0,IF(G62>E62,1,0))+IF(OR(G65="",E65=""),0,IF(G65>E65,1,0)) -> 0 | LQ45: =IF(OR(E60="",G60=""),0,IF(E60=G60,1,0))+IF(OR(G62="",E62=""),0,IF(G62=E62,1,0))+IF(OR(G65="",E65=""),0,IF(G65=E65,1,0)) -> 0 | LR45: =IF(OR(E60="",G60=""),0,IF(E60<G60,1,0))+IF(OR(G62="",E62=""),0,IF(G62<E62,1,0))+IF(OR(G65="",E65=""),0,IF(G65<E65,1,0)) -> 0 | LS45: =E60+G62+G65 -> 0 | LT45: =G60+E62+E65 -> 0 | LU45: =LS45-LT45 -> 0 | LV45: =LN45 -> 0 | LW45: =LU45/10 -> 0 | LX45: =LS45/100 -> 0 | LY45: =SUM(LV45:LX45) -> 0 | LZ45: =IF(LY45=LY43,IF(G62>E62,0.001,0),0) -> 0 | MA45: =IF(LY45=LY44,IF(G65>E65,0.001,0),0) -> 0 | MB45: =IF(LY45=LY46,IF(E60>G60,0.001,0),0) -> 0 | MC45: =SUM(LY45:MB45) -> 0 | MD45: =RANK($MC$45,$MC$43:$MC$46,0) -> 1 | ME45: =IF(OR(AND(MD43=MD44,MD43=MD45,MD43=MD46),AND(MD45=MD43,MD45=MD44)),MD45+2,IF(OR(AND(MD45=MD44,MD45=MD46),MD45=MD43,MD45=MD44),MD45+1,MD45)) -> 3 | MF45: 3 | MG45: =MATCH(MF45,$ME$43:$ME$46,0) -> 3 | MH45: =INDEX($LM$43:$LM$46,MG45) -> Marrocos
A46: 44891 | B46: 0.29166667 | C46: Tunísia | F46: x | I46: Austrália | J46: Al Janoub | L46: ='Nome Palpiteiro'!MH27 -> França | M46: =VLOOKUP(L46,'Nome Palpiteiro'!$LM$27:$LU$30,2,FALSE) -> 0 | N46: =VLOOKUP(L46,'Nome Palpiteiro'!$LM$27:$LU$30,3,FALSE) -> 0 | O46: =VLOOKUP(L46,'Nome Palpiteiro'!$LM$27:$LU$30,4,FALSE) -> 0 | P46: =VLOOKUP(L46,'Nome Palpiteiro'!$LM$27:$LU$30,5,FALSE) -> 0 | Q46: =VLOOKUP(L46,'Nome Palpiteiro'!$LM$27:$LU$30,6,FALSE) -> 0 | R46: =VLOOKUP(L46,'Nome Palpiteiro'!$LM$27:$LU$30,7,FALSE) -> 0 | S46: =VLOOKUP(L46,'Nome Palpiteiro'!$LM$27:$LU$30,8,FALSE) -> 0 | T46: =VLOOKUP(L46,'Nome Palpiteiro'!$LM$27:$LU$30,9,FALSE) -> 0 | V46: 1o Colocado | W46: =IF(N46<>3,"",L46) | X46: =IF(AND(W46<>"",'Resultado Oficial'!W46<>"",'Resultado Oficial'!W47<>""),IF(W46='Resultado Oficial'!W46,5,IF(W46='Resultado Oficial'!W47,2,0)),"") | Z46: =IF(OR(E46="",G46="",'Resultado Oficial'!E46="",'Resultado Oficial'!G46=""),"", IF(AND(E46='Resultado Oficial'!E46,G46='Resultado Oficial'!G46),10, IF(AND(E46=G46,'Resultado Oficial'!E46='Resultado Oficial'!G46,ABS((E46-'Resultado Oficial'!E46))=1),6, IF(AND(E46>G46,'Resultado Oficial'!E46>'Resultado Oficial'!G46,((E46-'Resultado Oficial'!E46)=(G46-'Resultado Oficial'!G46))),6, IF(AND(E46<G46,'Resultado Oficial'!E46<'Resultado Oficial'!G46,(('Resultado Oficial'!E46-E46)=('Resultado Oficial'!G46-G46))),6, IF(AND(E46>G46,'Resultado Oficial'!E46>'Resultado Oficial'!G46),3, IF(AND(E46=G46,'Resultado Oficial'!E46='Resultado Oficial'!G46),3, IF(AND(E46<G46,'Resultado Oficial'!E46<'Resultado Oficial'!G46),3,0)))))))) | LM46: Croácia | LN46: =IF(OR(G60="",E60=""),0,IF(LO46=0,0,IF(G60>E60,3,IF(G60=E60,1,0)))+IF(OR(E63="",G63=""),0,IF(E63>G63,3,IF(E63=G63,1,0)))+IF(OR(E64="",G64=""),0,IF(E64>G64,3,IF(E64=G64,1,0)))) -> 0 | LO46: =IF(AND(E60<>"",G60<>""),1,0)+IF(AND(E63<>"",G63<>""),1,0)+IF(AND(E64<>"",G64<>""),1,0) -> 0 | LP46: =IF(OR(G60="",E60=""),0,IF(G60>E60,1,0))+IF(OR(E63="",G63=""),0,IF(E63>G63,1,0))+IF(OR(E64="",G64=""),0,IF(E64>G64,1,0)) -> 0 | LQ46: =IF(OR(G60="",E60=""),0,IF(G60=E60,1,0))+IF(OR(E63="",G63=""),0,IF(E63=G63,1,0))+IF(OR(E64="",G64=""),0,IF(E64=G64,1,0)) -> 0 | LR46: =IF(OR(G60="",E60=""),0,IF(G60<E60,1,0))+IF(OR(E63="",G63=""),0,IF(E63<G63,1,0))+IF(OR(E64="",G64=""),0,IF(E64<G64,1,0)) -> 0 | LS46: =G60+E63+E64 -> 0 | LT46: =E60+G63+G64 -> 0 | LU46: =LS46-LT46 -> 0 | LV46: =LN46 -> 0 | LW46: =LU46/10 -> 0 | LX46: =LS46/100 -> 0 | LY46: =SUM(LV46:LX46) -> 0 | LZ46: =IF(LY46=LY43,IF(E64>G64,0.001,0),0) -> 0 | MA46: =IF(LY46=LY44,IF(E63>G63,0.001,0),0) -> 0 | MB46: =IF(LY46=LY45,IF(G60>E60,0.001,0),0) -> 0 | MC46: =SUM(LY46:MB46) -> 0 | MD46: =RANK($MC$46,$MC$43:$MC$46,0) -> 1 | ME46: =IF(AND(MD43=MD44,MD43=MD45,MD43=MD46),MD46+3,IF(OR(AND(MD46=MD45,MD46=MD44),AND(MD46=MD44,MD46=MD43)),MD46+2,IF(OR(MD46=MD45,MD46=MD44,MD46=MD43),MD46+1,MD46))) -> 4 | MF46: 4 | MG46: =MATCH(MF46,$ME$43:$ME$46,0) -> 4 | MH46: =INDEX($LM$43:$LM$46,MG46) -> Croácia
A47: 44891 | B47: 0.54166667 | C47: França | F47: x | I47: Dinamarca | J47: Estádio 974 | L47: ='Nome Palpiteiro'!MH28 -> Austrália | M47: =VLOOKUP(L47,'Nome Palpiteiro'!$LM$27:$LU$30,2,FALSE) -> 0 | N47: =VLOOKUP(L47,'Nome Palpiteiro'!$LM$27:$LU$30,3,FALSE) -> 0 | O47: =VLOOKUP(L47,'Nome Palpiteiro'!$LM$27:$LU$30,4,FALSE) -> 0 | P47: =VLOOKUP(L47,'Nome Palpiteiro'!$LM$27:$LU$30,5,FALSE) -> 0 | Q47: =VLOOKUP(L47,'Nome Palpiteiro'!$LM$27:$LU$30,6,FALSE) -> 0 | R47: =VLOOKUP(L47,'Nome Palpiteiro'!$LM$27:$LU$30,7,FALSE) -> 0 | S47: =VLOOKUP(L47,'Nome Palpiteiro'!$LM$27:$LU$30,8,FALSE) -> 0 | T47: =VLOOKUP(L47,'Nome Palpiteiro'!$LM$27:$LU$30,9,FALSE) -> 0 | V47: 2o Colocado | W47: =IF(N47<>3,"",L47) | X47: =IF(AND(W47<>"",'Resultado Oficial'!W46<>"",'Resultado Oficial'!W47<>""),IF(W47='Resultado Oficial'!W47,5,IF(W47='Resultado Oficial'!W46,2,0)),"") | Z47: =IF(OR(E47="",G47="",'Resultado Oficial'!E47="",'Resultado Oficial'!G47=""),"", IF(AND(E47='Resultado Oficial'!E47,G47='Resultado Oficial'!G47),10, IF(AND(E47=G47,'Resultado Oficial'!E47='Resultado Oficial'!G47,ABS((E47-'Resultado Oficial'!E47))=1),6, IF(AND(E47>G47,'Resultado Oficial'!E47>'Resultado Oficial'!G47,((E47-'Resultado Oficial'!E47)=(G47-'Resultado Oficial'!G47))),6, IF(AND(E47<G47,'Resultado Oficial'!E47<'Resultado Oficial'!G47,(('Resultado Oficial'!E47-E47)=('Resultado Oficial'!G47-G47))),6, IF(AND(E47>G47,'Resultado Oficial'!E47>'Resultado Oficial'!G47),3, IF(AND(E47=G47,'Resultado Oficial'!E47='Resultado Oficial'!G47),3, IF(AND(E47<G47,'Resultado Oficial'!E47<'Resultado Oficial'!G47),3,0))))))))
A48: 44895 | B48: 0.5 | C48: Austrália | F48: x | I48: Dinamarca | J48: Al Janoub | L48: ='Nome Palpiteiro'!MH29 -> Dinamarca | M48: =VLOOKUP(L48,'Nome Palpiteiro'!$LM$27:$LU$30,2,FALSE) -> 0 | N48: =VLOOKUP(L48,'Nome Palpiteiro'!$LM$27:$LU$30,3,FALSE) -> 0 | O48: =VLOOKUP(L48,'Nome Palpiteiro'!$LM$27:$LU$30,4,FALSE) -> 0 | P48: =VLOOKUP(L48,'Nome Palpiteiro'!$LM$27:$LU$30,5,FALSE) -> 0 | Q48: =VLOOKUP(L48,'Nome Palpiteiro'!$LM$27:$LU$30,6,FALSE) -> 0 | R48: =VLOOKUP(L48,'Nome Palpiteiro'!$LM$27:$LU$30,7,FALSE) -> 0 | S48: =VLOOKUP(L48,'Nome Palpiteiro'!$LM$27:$LU$30,8,FALSE) -> 0 | T48: =VLOOKUP(L48,'Nome Palpiteiro'!$LM$27:$LU$30,9,FALSE) -> 0 | Z48: =IF(OR(E48="",G48="",'Resultado Oficial'!E48="",'Resultado Oficial'!G48=""),"", IF(AND(E48='Resultado Oficial'!E48,G48='Resultado Oficial'!G48),10, IF(AND(E48=G48,'Resultado Oficial'!E48='Resultado Oficial'!G48,ABS((E48-'Resultado Oficial'!E48))=1),6, IF(AND(E48>G48,'Resultado Oficial'!E48>'Resultado Oficial'!G48,((E48-'Resultado Oficial'!E48)=(G48-'Resultado Oficial'!G48))),6, IF(AND(E48<G48,'Resultado Oficial'!E48<'Resultado Oficial'!G48,(('Resultado Oficial'!E48-E48)=('Resultado Oficial'!G48-G48))),6, IF(AND(E48>G48,'Resultado Oficial'!E48>'Resultado Oficial'!G48),3, IF(AND(E48=G48,'Resultado Oficial'!E48='Resultado Oficial'!G48),3, IF(AND(E48<G48,'Resultado Oficial'!E48<'Resultado Oficial'!G48),3,0))))))))
A49: 44895 | B49: 0.5 | C49: Tunísia | F49: x | I49: França | J49: Cid. da Educ. | L49: ='Nome Palpiteiro'!MH30 -> Tunísia | M49: =VLOOKUP(L49,'Nome Palpiteiro'!$LM$27:$LU$30,2,FALSE) -> 0 | N49: =VLOOKUP(L49,'Nome Palpiteiro'!$LM$27:$LU$30,3,FALSE) -> 0 | O49: =VLOOKUP(L49,'Nome Palpiteiro'!$LM$27:$LU$30,4,FALSE) -> 0 | P49: =VLOOKUP(L49,'Nome Palpiteiro'!$LM$27:$LU$30,5,FALSE) -> 0 | Q49: =VLOOKUP(L49,'Nome Palpiteiro'!$LM$27:$LU$30,6,FALSE) -> 0 | R49: =VLOOKUP(L49,'Nome Palpiteiro'!$LM$27:$LU$30,7,FALSE) -> 0 | S49: =VLOOKUP(L49,'Nome Palpiteiro'!$LM$27:$LU$30,8,FALSE) -> 0 | T49: =VLOOKUP(L49,'Nome Palpiteiro'!$LM$27:$LU$30,9,FALSE) -> 0 | Z49: =IF(OR(E49="",G49="",'Resultado Oficial'!E49="",'Resultado Oficial'!G49=""),"", IF(AND(E49='Resultado Oficial'!E49,G49='Resultado Oficial'!G49),10, IF(AND(E49=G49,'Resultado Oficial'!E49='Resultado Oficial'!G49,ABS((E49-'Resultado Oficial'!E49))=1),6, IF(AND(E49>G49,'Resultado Oficial'!E49>'Resultado Oficial'!G49,((E49-'Resultado Oficial'!E49)=(G49-'Resultado Oficial'!G49))),6, IF(AND(E49<G49,'Resultado Oficial'!E49<'Resultado Oficial'!G49,(('Resultado Oficial'!E49-E49)=('Resultado Oficial'!G49-G49))),6, IF(AND(E49>G49,'Resultado Oficial'!E49>'Resultado Oficial'!G49),3, IF(AND(E49=G49,'Resultado Oficial'!E49='Resultado Oficial'!G49),3, IF(AND(E49<G49,'Resultado Oficial'!E49<'Resultado Oficial'!G49),3,0)))))))) | LN49: Grupo G
LM50: Seleção | LN50: PT | LO50: J | LP50: V | LQ50: E | LR50: D | LS50: GP | LT50: GC | LU50: SG
A51: Primeira fase GRUPO E | LM51: Brasil | LN51: =IF(OR(E69="",G69=""),0,IF(LO51=0,0,IF(E69>G69,3,IF(E69=G69,1,0)))+IF(OR(E71="",G71=""),0,IF(E71>G71,3,IF(E71=G71,1,0)))+IF(OR(G73="",E73=""),0,IF(G73>E73,3,IF(G73=E73,1,0)))) -> 0 | LO51: =IF(AND(E69<>"",G69<>""),1,0)+IF(AND(E71<>"",G71<>""),1,0)+IF(AND(E73<>"",G73<>""),1,0) -> 0 | LP51: =IF(OR(E69="",G69=""),0,IF(E69>G69,1,0))+IF(OR(E71="",G71=""),0,IF(E71>G71,1,0))+IF(OR(G73="",E73=""),0,IF(G73>E73,1,0)) -> 0 | LQ51: =IF(OR(E69="",G69=""),0,IF(E69=G69,1,0))+IF(OR(E71="",G71=""),0,IF(E71=G71,1,0))+IF(OR(G73="",E73=""),0,IF(G73=E73,1,0)) -> 0 | LR51: =IF(OR(E69="",G69=""),0,IF(E69<G69,1,0))+IF(OR(E71="",G71=""),0,IF(E71<G71,1,0))+IF(OR(G73="",E73=""),0,IF(G73<E73,1,0)) -> 0 | LS51: =E69+E71+G73 -> 0 | LT51: =G69+G71+E73 -> 0 | LU51: =LS51-LT51 -> 0 | LV51: =LN51 -> 0 | LW51: =LU51/10 -> 0 | LX51: =LS51/100 -> 0 | LY51: =SUM(LV51:LX51) -> 0 | LZ51: =IF(LY51=LY52,IF(E69>G69,0.001,0),0) -> 0 | MA51: =IF(LY51=LY53,IF(E71>G71,0.001,0),0) -> 0 | MB51: =IF(LY51=LY54,IF(G73>E73,0.001,0),0) -> 0 | MC51: =SUM(LY51:MB51) -> 0 | MD51: =RANK($MC$51,$MC$51:$MC$54,0) -> 1 | ME51: =MD51 -> 1 | MF51: 1 | MG51: =MATCH(MF51,$ME$51:$ME$54,0) -> 1 | MH51: =INDEX($LM$51:$LM$54,MG51) -> Brasil
A52: 44888 | B52: 0.41666667 | C52: Alemanha | F52: x | I52: Japão | J52: Intern. Khalifa | L52: Classificação do grupo E | Z52: =IF(OR(E52="",G52="",'Resultado Oficial'!E52="",'Resultado Oficial'!G52=""),"", IF(AND(E52='Resultado Oficial'!E52,G52='Resultado Oficial'!G52),10, IF(AND(E52=G52,'Resultado Oficial'!E52='Resultado Oficial'!G52,ABS((E52-'Resultado Oficial'!E52))=1),6, IF(AND(E52>G52,'Resultado Oficial'!E52>'Resultado Oficial'!G52,((E52-'Resultado Oficial'!E52)=(G52-'Resultado Oficial'!G52))),6, IF(AND(E52<G52,'Resultado Oficial'!E52<'Resultado Oficial'!G52,(('Resultado Oficial'!E52-E52)=('Resultado Oficial'!G52-G52))),6, IF(AND(E52>G52,'Resultado Oficial'!E52>'Resultado Oficial'!G52),3, IF(AND(E52=G52,'Resultado Oficial'!E52='Resultado Oficial'!G52),3, IF(AND(E52<G52,'Resultado Oficial'!E52<'Resultado Oficial'!G52),3,0)))))))) | LM52: Sérvia | LN52: =IF(OR(G69="",E69=""),0,IF(LO52=0,0,IF(G69>E69,3,IF(G69=E69,1,0)))+IF(OR(G70="",E70=""),0,IF(G70>E70,3,IF(G70=E70,1,0)))+IF(OR(G72="",E72=""),0,IF(E72>G72,3,IF(E72=G72,1,0)))) -> 0 | LO52: =IF(AND(E69<>"",G69<>""),1,0)+IF(AND(E70<>"",G70<>""),1,0)+IF(AND(E72<>"",G72<>""),1,0) -> 0 | LP52: =IF(OR(G69="",E69=""),0,IF(G69>E69,1,0))+IF(OR(G70="",E70=""),0,IF(G70>E70,1,0))+IF(OR(E72="",G72=""),0,IF(E72>G72,1,0)) -> 0 | LQ52: =IF(OR(G69="",E69=""),0,IF(G69=E69,1,0))+IF(OR(G70="",E70=""),0,IF(G70=E70,1,0))+IF(OR(E72="",G72=""),0,IF(E72=G72,1,0)) -> 0 | LR52: =IF(OR(G69="",E69=""),0,IF(G69<E69,1,0))+IF(OR(G70="",E70=""),0,IF(G70<E70,1,0))+IF(OR(E72="",G72=""),0,IF(E72<G72,1,0)) -> 0 | LS52: =G69+G70+E72 -> 0 | LT52: =E69+E70+G72 -> 0 | LU52: =LS52-LT52 -> 0 | LV52: =LN52 -> 0 | LW52: =LU52/10 -> 0 | LX52: =LS52/100 -> 0 | LY52: =SUM(LV52:LX52) -> 0 | LZ52: =IF(LY52=LY51,IF(G69>E69,0.001,0),0) -> 0 | MA52: =IF(LY52=LY53,IF(E72>G72,0.001,0),0) -> 0 | MB52: =IF(LY52=LY54,IF(G70>E70,0.001,0),0) -> 0 | MC52: =SUM(LY52:MB52) -> 0 | MD52: =RANK($MC$52,$MC$51:$MC$54,0) -> 1 | ME52: =IF(OR(AND(MD51=MD52,MD51=MD53,MD51=MD54),AND(MD52=MD51,MD52=MD53),AND(MD52=MD51,MD52=MD54),MD52=MD51),MD52+1,MD52) -> 2 | MF52: 2 | MG52: =MATCH(MF52,$ME$51:$ME$54,0) -> 2 | MH52: =INDEX($LM$51:$LM$54,MG52) -> Sérvia
A53: 44888 | B53: 0.54166667 | C53: Espanha | F53: x | I53: Costa Rica | J53: Al Thumana | M53: PT | N53: J | O53: V | P53: E | Q53: D | R53: GP | S53: GC | T53: SG | V53: =A51 -> Primeira fase GRUPO E | X53: Pontos | Z53: =IF(OR(E53="",G53="",'Resultado Oficial'!E53="",'Resultado Oficial'!G53=""),"", IF(AND(E53='Resultado Oficial'!E53,G53='Resultado Oficial'!G53),10, IF(AND(E53=G53,'Resultado Oficial'!E53='Resultado Oficial'!G53,ABS((E53-'Resultado Oficial'!E53))=1),6, IF(AND(E53>G53,'Resultado Oficial'!E53>'Resultado Oficial'!G53,((E53-'Resultado Oficial'!E53)=(G53-'Resultado Oficial'!G53))),6, IF(AND(E53<G53,'Resultado Oficial'!E53<'Resultado Oficial'!G53,(('Resultado Oficial'!E53-E53)=('Resultado Oficial'!G53-G53))),6, IF(AND(E53>G53,'Resultado Oficial'!E53>'Resultado Oficial'!G53),3, IF(AND(E53=G53,'Resultado Oficial'!E53='Resultado Oficial'!G53),3, IF(AND(E53<G53,'Resultado Oficial'!E53<'Resultado Oficial'!G53),3,0)))))))) | LM53: Suiça | LN53: =IF(OR(E68="",G68=""),0,IF(LO53=0,0,IF(E68>G68,3,IF(E68=G68,1,0)))+IF(OR(G71="",E71=""),0,IF(G71>E71,3,IF(G71=E71,1,0)))+IF(OR(G72="",E72=""),0,IF(G72>E72,3,IF(E72=G72,1,0)))) -> 0 | LO53: =IF(AND(E68<>"",G68<>""),1,0)+IF(AND(E71<>"",G71<>""),1,0)+IF(AND(E72<>"",G72<>""),1,0) -> 0 | LP53: =IF(OR(E68="",G68=""),0,IF(E68>G68,1,0))+IF(OR(G71="",E71=""),0,IF(G71>E71,1,0))+IF(OR(G72="",E72=""),0,IF(G72>E72,1,0)) -> 0 | LQ53: =IF(OR(E68="",G68=""),0,IF(E68=G68,1,0))+IF(OR(G71="",E71=""),0,IF(G71=E71,1,0))+IF(OR(G72="",E72=""),0,IF(G72=E72,1,0)) -> 0 | LR53: =IF(OR(E68="",G68=""),0,IF(E68<G68,1,0))+IF(OR(G71="",E71=""),0,IF(G71<E71,1,0))+IF(OR(G72="",E72=""),0,IF(G72<E72,1,0)) -> 0 | LS53: =E68+G71+G72 -> 0 | LT53: =G68+E71+E72 -> 0 | LU53: =LS53-LT53 -> 0 | LV53: =LN53 -> 0 | LW53: =LU53/10 -> 0 | LX53: =LS53/100 -> 0 | LY53: =SUM(LV53:LX53) -> 0 | LZ53: =IF(LY53=LY51,IF(G71>E71,0.001,0),0) -> 0 | MA53: =IF(LY53=LY52,IF(G72>E72,0.001,0),0) -> 0 | MB53: =IF(LY53=LY54,IF(E68>G68,0.001,0),0) -> 0 | MC53: =SUM(LY53:MB53) -> 0 | MD53: =RANK($MC$53,$MC$51:$MC$54,0) -> 1 | ME53: =IF(OR(AND(MD51=MD52,MD51=MD53,MD51=MD54),AND(MD53=MD51,MD53=MD52)),MD53+2,IF(OR(AND(MD53=MD52,MD53=MD54),MD53=MD51,MD53=MD52),MD53+1,MD53)) -> 3 | MF53: 3 | MG53: =MATCH(MF53,$ME$51:$ME$54,0) -> 3 | MH53: =INDEX($LM$51:$LM$54,MG53) -> Suiça
A54: 44892 | B54: 0.29166667 | C54: Japão | F54: x | I54: Costa Rica | J54: Ahmad Bin Ali | L54: ='Nome Palpiteiro'!MH35 -> Espanha | M54: =VLOOKUP(L54,'Nome Palpiteiro'!$LM$35:$LU$38,2,FALSE) -> 0 | N54: =VLOOKUP(L54,'Nome Palpiteiro'!$LM$35:$LU$38,3,FALSE) -> 0 | O54: =VLOOKUP(L54,'Nome Palpiteiro'!$LM$35:$LU$38,4,FALSE) -> 0 | P54: =VLOOKUP(L54,'Nome Palpiteiro'!$LM$35:$LU$38,5,FALSE) -> 0 | Q54: =VLOOKUP(L54,'Nome Palpiteiro'!$LM$35:$LU$38,6,FALSE) -> 0 | R54: =VLOOKUP(L54,'Nome Palpiteiro'!$LM$35:$LU$38,7,FALSE) -> 0 | S54: =VLOOKUP(L54,'Nome Palpiteiro'!$LM$35:$LU$38,8,FALSE) -> 0 | T54: =VLOOKUP(L54,'Nome Palpiteiro'!$LM$35:$LU$38,9,FALSE) -> 0 | V54: 1o Colocado | W54: =IF(N54<>3,"",L54) | X54: =IF(AND(W54<>"",'Resultado Oficial'!W54<>"",'Resultado Oficial'!W55<>""),IF(W54='Resultado Oficial'!W54,5,IF(W54='Resultado Oficial'!W55,2,0)),"") | Z54: =IF(OR(E54="",G54="",'Resultado Oficial'!E54="",'Resultado Oficial'!G54=""),"", IF(AND(E54='Resultado Oficial'!E54,G54='Resultado Oficial'!G54),10, IF(AND(E54=G54,'Resultado Oficial'!E54='Resultado Oficial'!G54,ABS((E54-'Resultado Oficial'!E54))=1),6, IF(AND(E54>G54,'Resultado Oficial'!E54>'Resultado Oficial'!G54,((E54-'Resultado Oficial'!E54)=(G54-'Resultado Oficial'!G54))),6, IF(AND(E54<G54,'Resultado Oficial'!E54<'Resultado Oficial'!G54,(('Resultado Oficial'!E54-E54)=('Resultado Oficial'!G54-G54))),6, IF(AND(E54>G54,'Resultado Oficial'!E54>'Resultado Oficial'!G54),3, IF(AND(E54=G54,'Resultado Oficial'!E54='Resultado Oficial'!G54),3, IF(AND(E54<G54,'Resultado Oficial'!E54<'Resultado Oficial'!G54),3,0)))))))) | LM54: Camarões | LN54: =IF(OR(G68="",E68=""),0,IF(LO54=0,0,IF(G68>E68,3,IF(G70=E70,1,0)))+IF(OR(E70="",G70=""),0,IF(E70>G70,3,IF(E70=G70,1,0)))+IF(OR(E73="",G73=""),0,IF(E73>G73,3,IF(E73=G73,1,0)))) -> 0 | LO54: =IF(AND(E68<>"",G68<>""),1,0)+IF(AND(E70<>"",G70<>""),1,0)+IF(AND(E73<>"",G73<>""),1,0) -> 0 | LP54: =IF(OR(G68="",E68=""),0,IF(G68>E68,1,0))+IF(OR(E70="",G70=""),0,IF(E70>G70,1,0))+IF(OR(E73="",G73=""),0,IF(E73>G73,1,0)) -> 0 | LQ54: =IF(OR(G68="",E68=""),0,IF(G68=E68,1,0))+IF(OR(E70="",G70=""),0,IF(E70=G70,1,0))+IF(OR(E73="",G73=""),0,IF(E73=G73,1,0)) -> 0 | LR54: =IF(OR(G68="",E68=""),0,IF(G68<E68,1,0))+IF(OR(E70="",G70=""),0,IF(E70<G70,1,0))+IF(OR(E73="",G73=""),0,IF(E73<G73,1,0)) -> 0 | LS54: =G68+E70+E73 -> 0 | LT54: =E68+G70+G73 -> 0 | LU54: =LS54-LT54 -> 0 | LV54: =LN54 -> 0 | LW54: =LU54/10 -> 0 | LX54: =LS54/100 -> 0 | LY54: =SUM(LV54:LX54) -> 0 | LZ54: =IF(LY54=LY51,IF(E73>G73,0.001,0),0) -> 0 | MA54: =IF(LY54=LY52,IF(E70>G70,0.001,0),0) -> 0 | MB54: =IF(LY54=LY53,IF(G68>E68,0.001,0),0) -> 0 | MC54: =SUM(LY54:MB54) -> 0 | MD54: =RANK($MC$54,$MC$51:$MC$54,0) -> 1 | ME54: =IF(AND(MD51=MD52,MD51=MD53,MD51=MD54),MD54+3,IF(OR(AND(MD54=MD53,MD54=MD52),AND(MD54=MD52,MD54=MD51)),MD54+2,IF(OR(MD54=MD53,MD54=MD52,MD54=MD51),MD54+1,MD54))) -> 4 | MF54: 4 | MG54: =MATCH(MF54,$ME$51:$ME$54,0) -> 4 | MH54: =INDEX($LM$51:$LM$54,MG54) -> Camarões
A55: 44892 | B55: 0.66666667 | C55: Espanha | F55: x | I55: Alemanha | J55: Al Bayt | L55: ='Nome Palpiteiro'!MH36 -> Costa Rica | M55: =VLOOKUP(L55,'Nome Palpiteiro'!$LM$35:$LU$38,2,FALSE) -> 0 | N55: =VLOOKUP(L55,'Nome Palpiteiro'!$LM$35:$LU$38,3,FALSE) -> 0 | O55: =VLOOKUP(L55,'Nome Palpiteiro'!$LM$35:$LU$38,4,FALSE) -> 0 | P55: =VLOOKUP(L55,'Nome Palpiteiro'!$LM$35:$LU$38,5,FALSE) -> 0 | Q55: =VLOOKUP(L55,'Nome Palpiteiro'!$LM$35:$LU$38,6,FALSE) -> 0 | R55: =VLOOKUP(L55,'Nome Palpiteiro'!$LM$35:$LU$38,7,FALSE) -> 0 | S55: =VLOOKUP(L55,'Nome Palpiteiro'!$LM$35:$LU$38,8,FALSE) -> 0 | T55: =VLOOKUP(L55,'Nome Palpiteiro'!$LM$35:$LU$38,9,FALSE) -> 0 | V55: 2o Colocado | W55: =IF(N55<>3,"",L55) | X55: =IF(AND(W55<>"",'Resultado Oficial'!W54<>"",'Resultado Oficial'!W55<>""),IF(W55='Resultado Oficial'!W55,5,IF(W55='Resultado Oficial'!W54,2,0)),"") | Z55: =IF(OR(E55="",G55="",'Resultado Oficial'!E55="",'Resultado Oficial'!G55=""),"", IF(AND(E55='Resultado Oficial'!E55,G55='Resultado Oficial'!G55),10, IF(AND(E55=G55,'Resultado Oficial'!E55='Resultado Oficial'!G55,ABS((E55-'Resultado Oficial'!E55))=1),6, IF(AND(E55>G55,'Resultado Oficial'!E55>'Resultado Oficial'!G55,((E55-'Resultado Oficial'!E55)=(G55-'Resultado Oficial'!G55))),6, IF(AND(E55<G55,'Resultado Oficial'!E55<'Resultado Oficial'!G55,(('Resultado Oficial'!E55-E55)=('Resultado Oficial'!G55-G55))),6, IF(AND(E55>G55,'Resultado Oficial'!E55>'Resultado Oficial'!G55),3, IF(AND(E55=G55,'Resultado Oficial'!E55='Resultado Oficial'!G55),3, IF(AND(E55<G55,'Resultado Oficial'!E55<'Resultado Oficial'!G55),3,0))))))))
A56: 44896 | B56: 0.66666667 | C56: Japão | F56: x | I56: Espanha | J56: Intern. Khalifa | L56: ='Nome Palpiteiro'!MH37 -> Alemanha | M56: =VLOOKUP(L56,'Nome Palpiteiro'!$LM$35:$LU$38,2,FALSE) -> 0 | N56: =VLOOKUP(L56,'Nome Palpiteiro'!$LM$35:$LU$38,3,FALSE) -> 0 | O56: =VLOOKUP(L56,'Nome Palpiteiro'!$LM$35:$LU$38,4,FALSE) -> 0 | P56: =VLOOKUP(L56,'Nome Palpiteiro'!$LM$35:$LU$38,5,FALSE) -> 0 | Q56: =VLOOKUP(L56,'Nome Palpiteiro'!$LM$35:$LU$38,6,FALSE) -> 0 | R56: =VLOOKUP(L56,'Nome Palpiteiro'!$LM$35:$LU$38,7,FALSE) -> 0 | S56: =VLOOKUP(L56,'Nome Palpiteiro'!$LM$35:$LU$38,8,FALSE) -> 0 | T56: =VLOOKUP(L56,'Nome Palpiteiro'!$LM$35:$LU$38,9,FALSE) -> 0 | Z56: =IF(OR(E56="",G56="",'Resultado Oficial'!E56="",'Resultado Oficial'!G56=""),"", IF(AND(E56='Resultado Oficial'!E56,G56='Resultado Oficial'!G56),10, IF(AND(E56=G56,'Resultado Oficial'!E56='Resultado Oficial'!G56,ABS((E56-'Resultado Oficial'!E56))=1),6, IF(AND(E56>G56,'Resultado Oficial'!E56>'Resultado Oficial'!G56,((E56-'Resultado Oficial'!E56)=(G56-'Resultado Oficial'!G56))),6, IF(AND(E56<G56,'Resultado Oficial'!E56<'Resultado Oficial'!G56,(('Resultado Oficial'!E56-E56)=('Resultado Oficial'!G56-G56))),6, IF(AND(E56>G56,'Resultado Oficial'!E56>'Resultado Oficial'!G56),3, IF(AND(E56=G56,'Resultado Oficial'!E56='Resultado Oficial'!G56),3, IF(AND(E56<G56,'Resultado Oficial'!E56<'Resultado Oficial'!G56),3,0))))))))
A57: 44896 | B57: 0.66666667 | C57: Costa Rica | F57: x | I57: Alemanha | J57: Al Bayt | L57: ='Nome Palpiteiro'!MH38 -> Japão | M57: =VLOOKUP(L57,'Nome Palpiteiro'!$LM$35:$LU$38,2,FALSE) -> 0 | N57: =VLOOKUP(L57,'Nome Palpiteiro'!$LM$35:$LU$38,3,FALSE) -> 0 | O57: =VLOOKUP(L57,'Nome Palpiteiro'!$LM$35:$LU$38,4,FALSE) -> 0 | P57: =VLOOKUP(L57,'Nome Palpiteiro'!$LM$35:$LU$38,5,FALSE) -> 0 | Q57: =VLOOKUP(L57,'Nome Palpiteiro'!$LM$35:$LU$38,6,FALSE) -> 0 | R57: =VLOOKUP(L57,'Nome Palpiteiro'!$LM$35:$LU$38,7,FALSE) -> 0 | S57: =VLOOKUP(L57,'Nome Palpiteiro'!$LM$35:$LU$38,8,FALSE) -> 0 | T57: =VLOOKUP(L57,'Nome Palpiteiro'!$LM$35:$LU$38,9,FALSE) -> 0 | Z57: =IF(OR(E57="",G57="",'Resultado Oficial'!E57="",'Resultado Oficial'!G57=""),"", IF(AND(E57='Resultado Oficial'!E57,G57='Resultado Oficial'!G57),10, IF(AND(E57=G57,'Resultado Oficial'!E57='Resultado Oficial'!G57,ABS((E57-'Resultado Oficial'!E57))=1),6, IF(AND(E57>G57,'Resultado Oficial'!E57>'Resultado Oficial'!G57,((E57-'Resultado Oficial'!E57)=(G57-'Resultado Oficial'!G57))),6, IF(AND(E57<G57,'Resultado Oficial'!E57<'Resultado Oficial'!G57,(('Resultado Oficial'!E57-E57)=('Resultado Oficial'!G57-G57))),6, IF(AND(E57>G57,'Resultado Oficial'!E57>'Resultado Oficial'!G57),3, IF(AND(E57=G57,'Resultado Oficial'!E57='Resultado Oficial'!G57),3, IF(AND(E57<G57,'Resultado Oficial'!E57<'Resultado Oficial'!G57),3,0)))))))) | LN57: Grupo H
LM58: Seleção | LN58: PT | LO58: J | LP58: V | LQ58: E | LR58: D | LS58: GP | LT58: GC | LU58: SG
A59: Primeira fase GRUPO F | LM59: Portugal | LN59: =IF(OR(E77="",G77=""),0,IF(LO59=0,0,IF(E77>G77,3,IF(E77=G77,1,0)))+IF(OR(E79="",G79=""),0,IF(E79>G79,3,IF(E79=G79,1,0)))+IF(OR(G81="",E81=""),0,IF(G81>E81,3,IF(G81=E81,1,0)))) -> 0 | LO59: =IF(AND(E77<>"",G77<>""),1,0)+IF(AND(E79<>"",G79<>""),1,0)+IF(AND(E81<>"",G81<>""),1,0) -> 0 | LP59: =IF(OR(E77="",G77=""),0,IF(E77>G77,1,0))+IF(OR(E79="",G79=""),0,IF(E79>G79,1,0))+IF(OR(G81="",E81=""),0,IF(G81>E81,1,0)) -> 0 | LQ59: =IF(OR(E77="",G77=""),0,IF(E77=G77,1,0))+IF(OR(E79="",G79=""),0,IF(E79=G79,1,0))+IF(OR(G81="",E81=""),0,IF(G81=E81,1,0)) -> 0 | LR59: =IF(OR(E77="",G77=""),0,IF(E77<G77,1,0))+IF(OR(E79="",G79=""),0,IF(E79<G79,1,0))+IF(OR(G81="",E81=""),0,IF(G81<E81,1,0)) -> 0 | LS59: =E77+E79+G81 -> 0 | LT59: =G77+G79+E81 -> 0 | LU59: =LS59-LT59 -> 0 | LV59: =LN59 -> 0 | LW59: =LU59/10 -> 0 | LX59: =LS59/100 -> 0 | LY59: =SUM(LV59:LX59) -> 0 | LZ59: =IF(LY59=LY60,IF(E77>G77,0.001,0),0) -> 0 | MA59: =IF(LY59=LY61,IF(E79>G79,0.001,0),0) -> 0 | MB59: =IF(LY59=LY62,IF(G81>E81,0.001,0),0) -> 0 | MC59: =SUM(LY59:MB59) -> 0 | MD59: =RANK($MC$59,$MC$59:$MC$62,0) -> 1 | ME59: =MD59 -> 1 | MF59: 1 | MG59: =MATCH(MF59,$ME$59:$ME$62,0) -> 1 | MH59: =INDEX($LM$59:$LM$62,MG59) -> Portugal
A60: 44888 | B60: 0.29166667 | C60: Marrocos | F60: x | I60: Croácia | J60: Al Bayt | L60: Classificação do grupo F | Z60: =IF(OR(E60="",G60="",'Resultado Oficial'!E60="",'Resultado Oficial'!G60=""),"", IF(AND(E60='Resultado Oficial'!E60,G60='Resultado Oficial'!G60),10, IF(AND(E60=G60,'Resultado Oficial'!E60='Resultado Oficial'!G60,ABS((E60-'Resultado Oficial'!E60))=1),6, IF(AND(E60>G60,'Resultado Oficial'!E60>'Resultado Oficial'!G60,((E60-'Resultado Oficial'!E60)=(G60-'Resultado Oficial'!G60))),6, IF(AND(E60<G60,'Resultado Oficial'!E60<'Resultado Oficial'!G60,(('Resultado Oficial'!E60-E60)=('Resultado Oficial'!G60-G60))),6, IF(AND(E60>G60,'Resultado Oficial'!E60>'Resultado Oficial'!G60),3, IF(AND(E60=G60,'Resultado Oficial'!E60='Resultado Oficial'!G60),3, IF(AND(E60<G60,'Resultado Oficial'!E60<'Resultado Oficial'!G60),3,0)))))))) | LM60: Gana | LN60: =IF(OR(G77="",E77=""),0,IF(LO60=0,0,IF(G77>E77,3,IF(G77=E77,1,0)))+IF(OR(G78="",E78=""),0,IF(G78>E78,3,IF(G78=E78,1,0)))+IF(OR(G80="",E80=""),0,IF(E80>G80,3,IF(E80=G80,1,0)))) -> 0 | LO60: =IF(AND(E77<>"",G77<>""),1,0)+IF(AND(E78<>"",G78<>""),1,0)+IF(AND(E80<>"",G80<>""),1,0) -> 0 | LP60: =IF(OR(G77="",E77=""),0,IF(G77>E77,1,0))+IF(OR(G78="",E78=""),0,IF(G78>E78,1,0))+IF(OR(E80="",G80=""),0,IF(E80>G80,1,0)) -> 0 | LQ60: =IF(OR(G77="",E77=""),0,IF(G77=E77,1,0))+IF(OR(G78="",E78=""),0,IF(G78=E78,1,0))+IF(OR(E80="",G80=""),0,IF(E80=G80,1,0)) -> 0 | LR60: =IF(OR(G77="",E77=""),0,IF(G77<E77,1,0))+IF(OR(G78="",E78=""),0,IF(G78<E78,1,0))+IF(OR(E80="",G80=""),0,IF(E80<G80,1,0)) -> 0 | LS60: =G77+G78+E80 -> 0 | LT60: =E77+E78+G80 -> 0 | LU60: =LS60-LT60 -> 0 | LV60: =LN60 -> 0 | LW60: =LU60/10 -> 0 | LX60: =LS60/100 -> 0 | LY60: =SUM(LV60:LX60) -> 0 | LZ60: =IF(LY60=LY59,IF(G77>E77,0.001,0),0) -> 0 | MA60: =IF(LY60=LY61,IF(E80>G80,0.001,0),0) -> 0 | MB60: =IF(LY60=LY62,IF(G78>E78,0.001,0),0) -> 0 | MC60: =SUM(LY60:MB60) -> 0 | MD60: =RANK($MC$60,$MC$59:$MC$62,0) -> 1 | ME60: =IF(OR(AND(MD59=MD60,MD59=MD61,MD59=MD62),AND(MD60=MD59,MD60=MD61),AND(MD60=MD59,MD60=MD62),MD60=MD59),MD60+1,MD60) -> 2 | MF60: 2 | MG60: =MATCH(MF60,$ME$59:$ME$62,0) -> 2 | MH60: =INDEX($LM$59:$LM$62,MG60) -> Gana
A61: 44888 | B61: 0.66666667 | C61: Bélgica | F61: x | I61: Canadá | J61: Al Rayan | M61: PT | N61: J | O61: V | P61: E | Q61: D | R61: GP | S61: GC | T61: SG | V61: =A59 -> Primeira fase GRUPO F | X61: Pontos | Z61: =IF(OR(E61="",G61="",'Resultado Oficial'!E61="",'Resultado Oficial'!G61=""),"", IF(AND(E61='Resultado Oficial'!E61,G61='Resultado Oficial'!G61),10, IF(AND(E61=G61,'Resultado Oficial'!E61='Resultado Oficial'!G61,ABS((E61-'Resultado Oficial'!E61))=1),6, IF(AND(E61>G61,'Resultado Oficial'!E61>'Resultado Oficial'!G61,((E61-'Resultado Oficial'!E61)=(G61-'Resultado Oficial'!G61))),6, IF(AND(E61<G61,'Resultado Oficial'!E61<'Resultado Oficial'!G61,(('Resultado Oficial'!E61-E61)=('Resultado Oficial'!G61-G61))),6, IF(AND(E61>G61,'Resultado Oficial'!E61>'Resultado Oficial'!G61),3, IF(AND(E61=G61,'Resultado Oficial'!E61='Resultado Oficial'!G61),3, IF(AND(E61<G61,'Resultado Oficial'!E61<'Resultado Oficial'!G61),3,0)))))))) | LM61: Uruguai | LN61: =IF(OR(E76="",G76=""),0,IF(LO61=0,0,IF(E76>G76,3,IF(E76=G76,1,0)))+IF(OR(G79="",E79=""),0,IF(G79>E79,3,IF(G79=E79,1,0)))+IF(OR(G80="",E80=""),0,IF(G80>E80,3,IF(E80=G80,1,0)))) -> 0 | LO61: =IF(AND(E76<>"",G76<>""),1,0)+IF(AND(E79<>"",G79<>""),1,0)+IF(AND(E80<>"",G80<>""),1,0) -> 0 | LP61: =IF(OR(E76="",G76=""),0,IF(E76>G76,1,0))+IF(OR(G79="",E79=""),0,IF(G79>E79,1,0))+IF(OR(G80="",E80=""),0,IF(G80>E80,1,0)) -> 0 | LQ61: =IF(OR(E76="",G76=""),0,IF(E76=G76,1,0))+IF(OR(G79="",E79=""),0,IF(G79=E79,1,0))+IF(OR(G80="",E80=""),0,IF(G80=E80,1,0)) -> 0 | LR61: =IF(OR(E76="",G76=""),0,IF(E76<G76,1,0))+IF(OR(G79="",E79=""),0,IF(G79<E79,1,0))+IF(OR(G80="",E80=""),0,IF(G80<E80,1,0)) -> 0 | LS61: =E76+G79+G80 -> 0 | LT61: =G76+E79+E80 -> 0 | LU61: =LS61-LT61 -> 0 | LV61: =LN61 -> 0 | LW61: =LU61/10 -> 0 | LX61: =LS61/100 -> 0 | LY61: =SUM(LV61:LX61) -> 0 | LZ61: =IF(LY61=LY59,IF(G79>E79,0.001,0),0) -> 0 | MA61: =IF(LY61=LY60,IF(G80>E80,0.001,0),0) -> 0 | MB61: =IF(LY61=LY62,IF(E76>G76,0.001,0),0) -> 0 | MC61: =SUM(LY61:MB61) -> 0 | MD61: =RANK($MC$61,$MC$59:$MC$62,0) -> 1 | ME61: =IF(OR(AND(MD59=MD60,MD59=MD61,MD59=MD62),AND(MD61=MD59,MD61=MD60)),MD61+2,IF(OR(AND(MD61=MD60,MD61=MD62),MD61=MD59,MD61=MD60),MD61+1,MD61)) -> 3 | MF61: 3 | MG61: =MATCH(MF61,$ME$59:$ME$62,0) -> 3 | MH61: =INDEX($LM$59:$LM$62,MG61) -> Uruguai
A62: 44892 | B62: 0.41666667 | C62: Bélgica | F62: x | I62: Marrocos | J62: Al Thumana | L62: ='Nome Palpiteiro'!MH43 -> Bélgica | M62: =VLOOKUP(L62,'Nome Palpiteiro'!$LM$43:$LU$46,2,FALSE) -> 0 | N62: =VLOOKUP(L62,'Nome Palpiteiro'!$LM$43:$LU$46,3,FALSE) -> 0 | O62: =VLOOKUP(L62,'Nome Palpiteiro'!$LM$43:$LU$46,4,FALSE) -> 0 | P62: =VLOOKUP(L62,'Nome Palpiteiro'!$LM$43:$LU$46,5,FALSE) -> 0 | Q62: =VLOOKUP(L62,'Nome Palpiteiro'!$LM$43:$LU$46,6,FALSE) -> 0 | R62: =VLOOKUP(L62,'Nome Palpiteiro'!$LM$43:$LU$46,7,FALSE) -> 0 | S62: =VLOOKUP(L62,'Nome Palpiteiro'!$LM$43:$LU$46,8,FALSE) -> 0 | T62: =VLOOKUP(L62,'Nome Palpiteiro'!$LM$43:$LU$46,9,FALSE) -> 0 | V62: 1o Colocado | W62: =IF(N62<>3,"",L62) | X62: =IF(AND(W62<>"",'Resultado Oficial'!W62<>"",'Resultado Oficial'!W63<>""),IF(W62='Resultado Oficial'!W62,5,IF(W62='Resultado Oficial'!W63,2,0)),"") | Z62: =IF(OR(E62="",G62="",'Resultado Oficial'!E62="",'Resultado Oficial'!G62=""),"", IF(AND(E62='Resultado Oficial'!E62,G62='Resultado Oficial'!G62),10, IF(AND(E62=G62,'Resultado Oficial'!E62='Resultado Oficial'!G62,ABS((E62-'Resultado Oficial'!E62))=1),6, IF(AND(E62>G62,'Resultado Oficial'!E62>'Resultado Oficial'!G62,((E62-'Resultado Oficial'!E62)=(G62-'Resultado Oficial'!G62))),6, IF(AND(E62<G62,'Resultado Oficial'!E62<'Resultado Oficial'!G62,(('Resultado Oficial'!E62-E62)=('Resultado Oficial'!G62-G62))),6, IF(AND(E62>G62,'Resultado Oficial'!E62>'Resultado Oficial'!G62),3, IF(AND(E62=G62,'Resultado Oficial'!E62='Resultado Oficial'!G62),3, IF(AND(E62<G62,'Resultado Oficial'!E62<'Resultado Oficial'!G62),3,0)))))))) | LM62: Coréia do Sul | LN62: =IF(OR(G76="",E76=""),0,IF(LO62=0,0,IF(G76>E76,3,IF(G78=E78,1,0)))+IF(OR(E78="",G78=""),0,IF(E78>G78,3,IF(E78=G78,1,0)))+IF(OR(E81="",G81=""),0,IF(E81>G81,3,IF(E81=G81,1,0)))) -> 0 | LO62: =IF(AND(E76<>"",G76<>""),1,0)+IF(AND(E78<>"",G78<>""),1,0)+IF(AND(E81<>"",G81<>""),1,0) -> 0 | LP62: =IF(OR(G76="",E76=""),0,IF(G76>E76,1,0))+IF(OR(E78="",G78=""),0,IF(E78>G78,1,0))+IF(OR(E81="",G81=""),0,IF(E81>G81,1,0)) -> 0 | LQ62: =IF(OR(G76="",E76=""),0,IF(G76=E76,1,0))+IF(OR(E78="",G78=""),0,IF(E78=G78,1,0))+IF(OR(E81="",G81=""),0,IF(E81=G81,1,0)) -> 0 | LR62: =IF(OR(G76="",E76=""),0,IF(G76<E76,1,0))+IF(OR(E78="",G78=""),0,IF(E78<G78,1,0))+IF(OR(E81="",G81=""),0,IF(E81<G81,1,0)) -> 0 | LS62: =G76+E78+E81 -> 0 | LT62: =E76+G78+G81 -> 0 | LU62: =LS62-LT62 -> 0 | LV62: =LN62 -> 0 | LW62: =LU62/10 -> 0 | LX62: =LS62/100 -> 0 | LY62: =SUM(LV62:LX62) -> 0 | LZ62: =IF(LY62=LY59,IF(E81>G81,0.001,0),0) -> 0 | MA62: =IF(LY62=LY60,IF(E78>G78,0.001,0),0) -> 0 | MB62: =IF(LY62=LY61,IF(G76>E76,0.001,0),0) -> 0 | MC62: =SUM(LY62:MB62) -> 0 | MD62: =RANK($MC$62,$MC$59:$MC$62,0) -> 1 | ME62: =IF(AND(MD59=MD60,MD59=MD61,MD59=MD62),MD62+3,IF(OR(AND(MD62=MD61,MD62=MD60),AND(MD62=MD60,MD62=MD59)),MD62+2,IF(OR(MD62=MD61,MD62=MD60,MD62=MD59),MD62+1,MD62))) -> 4 | MF62: 4 | MG62: =MATCH(MF62,$ME$59:$ME$62,0) -> 4 | MH62: =INDEX($LM$59:$LM$62,MG62) -> Coréia do Sul
A63: 44892 | B63: 0.54166667 | C63: Croácia | F63: x | I63: Canadá | J63: Intern. Khalifa | L63: ='Nome Palpiteiro'!MH44 -> Canadá | M63: =VLOOKUP(L63,'Nome Palpiteiro'!$LM$43:$LU$46,2,FALSE) -> 0 | N63: =VLOOKUP(L63,'Nome Palpiteiro'!$LM$43:$LU$46,3,FALSE) -> 0 | O63: =VLOOKUP(L63,'Nome Palpiteiro'!$LM$43:$LU$46,4,FALSE) -> 0 | P63: =VLOOKUP(L63,'Nome Palpiteiro'!$LM$43:$LU$46,5,FALSE) -> 0 | Q63: =VLOOKUP(L63,'Nome Palpiteiro'!$LM$43:$LU$46,6,FALSE) -> 0 | R63: =VLOOKUP(L63,'Nome Palpiteiro'!$LM$43:$LU$46,7,FALSE) -> 0 | S63: =VLOOKUP(L63,'Nome Palpiteiro'!$LM$43:$LU$46,8,FALSE) -> 0 | T63: =VLOOKUP(L63,'Nome Palpiteiro'!$LM$43:$LU$46,9,FALSE) -> 0 | V63: 2o Colocado | W63: =IF(N63<>3,"",L63) | X63: =IF(AND(W63<>"",'Resultado Oficial'!W62<>"",'Resultado Oficial'!W63<>""),IF(W63='Resultado Oficial'!W63,5,IF(W63='Resultado Oficial'!W62,2,0)),"") | Z63: =IF(OR(E63="",G63="",'Resultado Oficial'!E63="",'Resultado Oficial'!G63=""),"", IF(AND(E63='Resultado Oficial'!E63,G63='Resultado Oficial'!G63),10, IF(AND(E63=G63,'Resultado Oficial'!E63='Resultado Oficial'!G63,ABS((E63-'Resultado Oficial'!E63))=1),6, IF(AND(E63>G63,'Resultado Oficial'!E63>'Resultado Oficial'!G63,((E63-'Resultado Oficial'!E63)=(G63-'Resultado Oficial'!G63))),6, IF(AND(E63<G63,'Resultado Oficial'!E63<'Resultado Oficial'!G63,(('Resultado Oficial'!E63-E63)=('Resultado Oficial'!G63-G63))),6, IF(AND(E63>G63,'Resultado Oficial'!E63>'Resultado Oficial'!G63),3, IF(AND(E63=G63,'Resultado Oficial'!E63='Resultado Oficial'!G63),3, IF(AND(E63<G63,'Resultado Oficial'!E63<'Resultado Oficial'!G63),3,0))))))))
A64: 44896 | B64: 0.5 | C64: Croácia | F64: x | I64: Bélgica | J64: Al Rayan | L64: ='Nome Palpiteiro'!MH45 -> Marrocos | M64: =VLOOKUP(L64,'Nome Palpiteiro'!$LM$43:$LU$46,2,FALSE) -> 0 | N64: =VLOOKUP(L64,'Nome Palpiteiro'!$LM$43:$LU$46,3,FALSE) -> 0 | O64: =VLOOKUP(L64,'Nome Palpiteiro'!$LM$43:$LU$46,4,FALSE) -> 0 | P64: =VLOOKUP(L64,'Nome Palpiteiro'!$LM$43:$LU$46,5,FALSE) -> 0 | Q64: =VLOOKUP(L64,'Nome Palpiteiro'!$LM$43:$LU$46,6,FALSE) -> 0 | R64: =VLOOKUP(L64,'Nome Palpiteiro'!$LM$43:$LU$46,7,FALSE) -> 0 | S64: =VLOOKUP(L64,'Nome Palpiteiro'!$LM$43:$LU$46,8,FALSE) -> 0 | T64: =VLOOKUP(L64,'Nome Palpiteiro'!$LM$43:$LU$46,9,FALSE) -> 0 | Z64: =IF(OR(E64="",G64="",'Resultado Oficial'!E64="",'Resultado Oficial'!G64=""),"", IF(AND(E64='Resultado Oficial'!E64,G64='Resultado Oficial'!G64),10, IF(AND(E64=G64,'Resultado Oficial'!E64='Resultado Oficial'!G64,ABS((E64-'Resultado Oficial'!E64))=1),6, IF(AND(E64>G64,'Resultado Oficial'!E64>'Resultado Oficial'!G64,((E64-'Resultado Oficial'!E64)=(G64-'Resultado Oficial'!G64))),6, IF(AND(E64<G64,'Resultado Oficial'!E64<'Resultado Oficial'!G64,(('Resultado Oficial'!E64-E64)=('Resultado Oficial'!G64-G64))),6, IF(AND(E64>G64,'Resultado Oficial'!E64>'Resultado Oficial'!G64),3, IF(AND(E64=G64,'Resultado Oficial'!E64='Resultado Oficial'!G64),3, IF(AND(E64<G64,'Resultado Oficial'!E64<'Resultado Oficial'!G64),3,0))))))))
A65: 44896 | B65: 0.5 | C65: Canadá | F65: x | I65: Marrocos | J65: Al Thumana | L65: ='Nome Palpiteiro'!MH46 -> Croácia | M65: =VLOOKUP(L65,'Nome Palpiteiro'!$LM$43:$LU$46,2,FALSE) -> 0 | N65: =VLOOKUP(L65,'Nome Palpiteiro'!$LM$43:$LU$46,3,FALSE) -> 0 | O65: =VLOOKUP(L65,'Nome Palpiteiro'!$LM$43:$LU$46,4,FALSE) -> 0 | P65: =VLOOKUP(L65,'Nome Palpiteiro'!$LM$43:$LU$46,5,FALSE) -> 0 | Q65: =VLOOKUP(L65,'Nome Palpiteiro'!$LM$43:$LU$46,6,FALSE) -> 0 | R65: =VLOOKUP(L65,'Nome Palpiteiro'!$LM$43:$LU$46,7,FALSE) -> 0 | S65: =VLOOKUP(L65,'Nome Palpiteiro'!$LM$43:$LU$46,8,FALSE) -> 0 | T65: =VLOOKUP(L65,'Nome Palpiteiro'!$LM$43:$LU$46,9,FALSE) -> 0 | Z65: =IF(OR(E65="",G65="",'Resultado Oficial'!E65="",'Resultado Oficial'!G65=""),"", IF(AND(E65='Resultado Oficial'!E65,G65='Resultado Oficial'!G65),10, IF(AND(E65=G65,'Resultado Oficial'!E65='Resultado Oficial'!G65,ABS((E65-'Resultado Oficial'!E65))=1),6, IF(AND(E65>G65,'Resultado Oficial'!E65>'Resultado Oficial'!G65,((E65-'Resultado Oficial'!E65)=(G65-'Resultado Oficial'!G65))),6, IF(AND(E65<G65,'Resultado Oficial'!E65<'Resultado Oficial'!G65,(('Resultado Oficial'!E65-E65)=('Resultado Oficial'!G65-G65))),6, IF(AND(E65>G65,'Resultado Oficial'!E65>'Resultado Oficial'!G65),3, IF(AND(E65=G65,'Resultado Oficial'!E65='Resultado Oficial'!G65),3, IF(AND(E65<G65,'Resultado Oficial'!E65<'Resultado Oficial'!G65),3,0))))))))
A67: Primeira fase GRUPO G
A68: 44889 | B68: 0.29166667 | C68: Suiça | F68: x | I68: Camarões | J68: Al Janoub | L68: Classificação do grupo G | Z68: =IF(OR(E68="",G68="",'Resultado Oficial'!E68="",'Resultado Oficial'!G68=""),"", IF(AND(E68='Resultado Oficial'!E68,G68='Resultado Oficial'!G68),10, IF(AND(E68=G68,'Resultado Oficial'!E68='Resultado Oficial'!G68,ABS((E68-'Resultado Oficial'!E68))=1),6, IF(AND(E68>G68,'Resultado Oficial'!E68>'Resultado Oficial'!G68,((E68-'Resultado Oficial'!E68)=(G68-'Resultado Oficial'!G68))),6, IF(AND(E68<G68,'Resultado Oficial'!E68<'Resultado Oficial'!G68,(('Resultado Oficial'!E68-E68)=('Resultado Oficial'!G68-G68))),6, IF(AND(E68>G68,'Resultado Oficial'!E68>'Resultado Oficial'!G68),3, IF(AND(E68=G68,'Resultado Oficial'!E68='Resultado Oficial'!G68),3, IF(AND(E68<G68,'Resultado Oficial'!E68<'Resultado Oficial'!G68),3,0))))))))
A69: 44889 | B69: 0.66666667 | C69: Brasil | F69: x | I69: Sérvia | J69: Lusail | M69: PT | N69: J | O69: V | P69: E | Q69: D | R69: GP | S69: GC | T69: SG | V69: =A67 -> Primeira fase GRUPO G | X69: Pontos | Z69: =IF(OR(E69="",G69="",'Resultado Oficial'!E69="",'Resultado Oficial'!G69=""),"", IF(AND(E69='Resultado Oficial'!E69,G69='Resultado Oficial'!G69),10, IF(AND(E69=G69,'Resultado Oficial'!E69='Resultado Oficial'!G69,ABS((E69-'Resultado Oficial'!E69))=1),6, IF(AND(E69>G69,'Resultado Oficial'!E69>'Resultado Oficial'!G69,((E69-'Resultado Oficial'!E69)=(G69-'Resultado Oficial'!G69))),6, IF(AND(E69<G69,'Resultado Oficial'!E69<'Resultado Oficial'!G69,(('Resultado Oficial'!E69-E69)=('Resultado Oficial'!G69-G69))),6, IF(AND(E69>G69,'Resultado Oficial'!E69>'Resultado Oficial'!G69),3, IF(AND(E69=G69,'Resultado Oficial'!E69='Resultado Oficial'!G69),3, IF(AND(E69<G69,'Resultado Oficial'!E69<'Resultado Oficial'!G69),3,0))))))))
A70: 44893 | B70: 0.29166667 | C70: Camarões | F70: x | I70: Sérvia | J70: Al Janoub | L70: ='Nome Palpiteiro'!MH51 -> Brasil | M70: =VLOOKUP(L70,'Nome Palpiteiro'!$LM$51:$LU$54,2,FALSE) -> 0 | N70: =VLOOKUP(L70,'Nome Palpiteiro'!$LM$51:$LU$54,3,FALSE) -> 0 | O70: =VLOOKUP(L70,'Nome Palpiteiro'!$LM$51:$LU$54,4,FALSE) -> 0 | P70: =VLOOKUP(L70,'Nome Palpiteiro'!$LM$51:$LU$54,5,FALSE) -> 0 | Q70: =VLOOKUP(L70,'Nome Palpiteiro'!$LM$51:$LU$54,6,FALSE) -> 0 | R70: =VLOOKUP(L70,'Nome Palpiteiro'!$LM$51:$LU$54,7,FALSE) -> 0 | S70: =VLOOKUP(L70,'Nome Palpiteiro'!$LM$51:$LU$54,8,FALSE) -> 0 | T70: =VLOOKUP(L70,'Nome Palpiteiro'!$LM$51:$LU$54,9,FALSE) -> 0 | V70: 1o Colocado | W70: =IF(N70<>3,"",L70) | X70: =IF(AND(W70<>"",'Resultado Oficial'!W70<>"",'Resultado Oficial'!W71<>""),IF(W70='Resultado Oficial'!W70,5,IF(W70='Resultado Oficial'!W71,2,0)),"") | Z70: =IF(OR(E70="",G70="",'Resultado Oficial'!E70="",'Resultado Oficial'!G70=""),"", IF(AND(E70='Resultado Oficial'!E70,G70='Resultado Oficial'!G70),10, IF(AND(E70=G70,'Resultado Oficial'!E70='Resultado Oficial'!G70,ABS((E70-'Resultado Oficial'!E70))=1),6, IF(AND(E70>G70,'Resultado Oficial'!E70>'Resultado Oficial'!G70,((E70-'Resultado Oficial'!E70)=(G70-'Resultado Oficial'!G70))),6, IF(AND(E70<G70,'Resultado Oficial'!E70<'Resultado Oficial'!G70,(('Resultado Oficial'!E70-E70)=('Resultado Oficial'!G70-G70))),6, IF(AND(E70>G70,'Resultado Oficial'!E70>'Resultado Oficial'!G70),3, IF(AND(E70=G70,'Resultado Oficial'!E70='Resultado Oficial'!G70),3, IF(AND(E70<G70,'Resultado Oficial'!E70<'Resultado Oficial'!G70),3,0))))))))
A71: 44893 | B71: 0.54166667 | C71: Brasil | F71: x | I71: Suiça | J71: Estádio 974 | L71: ='Nome Palpiteiro'!MH52 -> Sérvia | M71: =VLOOKUP(L71,'Nome Palpiteiro'!$LM$51:$LU$54,2,FALSE) -> 0 | N71: =VLOOKUP(L71,'Nome Palpiteiro'!$LM$51:$LU$54,3,FALSE) -> 0 | O71: =VLOOKUP(L71,'Nome Palpiteiro'!$LM$51:$LU$54,4,FALSE) -> 0 | P71: =VLOOKUP(L71,'Nome Palpiteiro'!$LM$51:$LU$54,5,FALSE) -> 0 | Q71: =VLOOKUP(L71,'Nome Palpiteiro'!$LM$51:$LU$54,6,FALSE) -> 0 | R71: =VLOOKUP(L71,'Nome Palpiteiro'!$LM$51:$LU$54,7,FALSE) -> 0 | S71: =VLOOKUP(L71,'Nome Palpiteiro'!$LM$51:$LU$54,8,FALSE) -> 0 | T71: =VLOOKUP(L71,'Nome Palpiteiro'!$LM$51:$LU$54,9,FALSE) -> 0 | V71: 2o Colocado | W71: =IF(N71<>3,"",L71) | X71: =IF(AND(W71<>"",'Resultado Oficial'!W70<>"",'Resultado Oficial'!W71<>""),IF(W71='Resultado Oficial'!W71,5,IF(W71='Resultado Oficial'!W70,2,0)),"") | Z71: =IF(OR(E71="",G71="",'Resultado Oficial'!E71="",'Resultado Oficial'!G71=""),"", IF(AND(E71='Resultado Oficial'!E71,G71='Resultado Oficial'!G71),10, IF(AND(E71=G71,'Resultado Oficial'!E71='Resultado Oficial'!G71,ABS((E71-'Resultado Oficial'!E71))=1),6, IF(AND(E71>G71,'Resultado Oficial'!E71>'Resultado Oficial'!G71,((E71-'Resultado Oficial'!E71)=(G71-'Resultado Oficial'!G71))),6, IF(AND(E71<G71,'Resultado Oficial'!E71<'Resultado Oficial'!G71,(('Resultado Oficial'!E71-E71)=('Resultado Oficial'!G71-G71))),6, IF(AND(E71>G71,'Resultado Oficial'!E71>'Resultado Oficial'!G71),3, IF(AND(E71=G71,'Resultado Oficial'!E71='Resultado Oficial'!G71),3, IF(AND(E71<G71,'Resultado Oficial'!E71<'Resultado Oficial'!G71),3,0))))))))
A72: 44897 | B72: 0.66666667 | C72: Sérvia | F72: x | I72: Suiça | J72: Estádio 974 | L72: ='Nome Palpiteiro'!MH53 -> Suiça | M72: =VLOOKUP(L72,'Nome Palpiteiro'!$LM$51:$LU$54,2,FALSE) -> 0 | N72: =VLOOKUP(L72,'Nome Palpiteiro'!$LM$51:$LU$54,3,FALSE) -> 0 | O72: =VLOOKUP(L72,'Nome Palpiteiro'!$LM$51:$LU$54,4,FALSE) -> 0 | P72: =VLOOKUP(L72,'Nome Palpiteiro'!$LM$51:$LU$54,5,FALSE) -> 0 | Q72: =VLOOKUP(L72,'Nome Palpiteiro'!$LM$51:$LU$54,6,FALSE) -> 0 | R72: =VLOOKUP(L72,'Nome Palpiteiro'!$LM$51:$LU$54,7,FALSE) -> 0 | S72: =VLOOKUP(L72,'Nome Palpiteiro'!$LM$51:$LU$54,8,FALSE) -> 0 | T72: =VLOOKUP(L72,'Nome Palpiteiro'!$LM$51:$LU$54,9,FALSE) -> 0 | Z72: =IF(OR(E72="",G72="",'Resultado Oficial'!E72="",'Resultado Oficial'!G72=""),"", IF(AND(E72='Resultado Oficial'!E72,G72='Resultado Oficial'!G72),10, IF(AND(E72=G72,'Resultado Oficial'!E72='Resultado Oficial'!G72,ABS((E72-'Resultado Oficial'!E72))=1),6, IF(AND(E72>G72,'Resultado Oficial'!E72>'Resultado Oficial'!G72,((E72-'Resultado Oficial'!E72)=(G72-'Resultado Oficial'!G72))),6, IF(AND(E72<G72,'Resultado Oficial'!E72<'Resultado Oficial'!G72,(('Resultado Oficial'!E72-E72)=('Resultado Oficial'!G72-G72))),6, IF(AND(E72>G72,'Resultado Oficial'!E72>'Resultado Oficial'!G72),3, IF(AND(E72=G72,'Resultado Oficial'!E72='Resultado Oficial'!G72),3, IF(AND(E72<G72,'Resultado Oficial'!E72<'Resultado Oficial'!G72),3,0))))))))
A73: 44897 | B73: 0.66666667 | C73: Camarões | F73: x | I73: Brasil | J73: Lusail | L73: ='Nome Palpiteiro'!MH54 -> Camarões | M73: =VLOOKUP(L73,'Nome Palpiteiro'!$LM$51:$LU$54,2,FALSE) -> 0 | N73: =VLOOKUP(L73,'Nome Palpiteiro'!$LM$51:$LU$54,3,FALSE) -> 0 | O73: =VLOOKUP(L73,'Nome Palpiteiro'!$LM$51:$LU$54,4,FALSE) -> 0 | P73: =VLOOKUP(L73,'Nome Palpiteiro'!$LM$51:$LU$54,5,FALSE) -> 0 | Q73: =VLOOKUP(L73,'Nome Palpiteiro'!$LM$51:$LU$54,6,FALSE) -> 0 | R73: =VLOOKUP(L73,'Nome Palpiteiro'!$LM$51:$LU$54,7,FALSE) -> 0 | S73: =VLOOKUP(L73,'Nome Palpiteiro'!$LM$51:$LU$54,8,FALSE) -> 0 | T73: =VLOOKUP(L73,'Nome Palpiteiro'!$LM$51:$LU$54,9,FALSE) -> 0 | Z73: =IF(OR(E73="",G73="",'Resultado Oficial'!E73="",'Resultado Oficial'!G73=""),"", IF(AND(E73='Resultado Oficial'!E73,G73='Resultado Oficial'!G73),10, IF(AND(E73=G73,'Resultado Oficial'!E73='Resultado Oficial'!G73,ABS((E73-'Resultado Oficial'!E73))=1),6, IF(AND(E73>G73,'Resultado Oficial'!E73>'Resultado Oficial'!G73,((E73-'Resultado Oficial'!E73)=(G73-'Resultado Oficial'!G73))),6, IF(AND(E73<G73,'Resultado Oficial'!E73<'Resultado Oficial'!G73,(('Resultado Oficial'!E73-E73)=('Resultado Oficial'!G73-G73))),6, IF(AND(E73>G73,'Resultado Oficial'!E73>'Resultado Oficial'!G73),3, IF(AND(E73=G73,'Resultado Oficial'!E73='Resultado Oficial'!G73),3, IF(AND(E73<G73,'Resultado Oficial'!E73<'Resultado Oficial'!G73),3,0))))))))
A75: Primeira fase GRUPO H
A76: 44889 | B76: 0.41666667 | C76: Uruguai | F76: x | I76: Coréia do Sul | J76: Cid. da Educ. | L76: Classificação do grupo H | Z76: =IF(OR(E76="",G76="",'Resultado Oficial'!E76="",'Resultado Oficial'!G76=""),"", IF(AND(E76='Resultado Oficial'!E76,G76='Resultado Oficial'!G76),10, IF(AND(E76=G76,'Resultado Oficial'!E76='Resultado Oficial'!G76,ABS((E76-'Resultado Oficial'!E76))=1),6, IF(AND(E76>G76,'Resultado Oficial'!E76>'Resultado Oficial'!G76,((E76-'Resultado Oficial'!E76)=(G76-'Resultado Oficial'!G76))),6, IF(AND(E76<G76,'Resultado Oficial'!E76<'Resultado Oficial'!G76,(('Resultado Oficial'!E76-E76)=('Resultado Oficial'!G76-G76))),6, IF(AND(E76>G76,'Resultado Oficial'!E76>'Resultado Oficial'!G76),3, IF(AND(E76=G76,'Resultado Oficial'!E76='Resultado Oficial'!G76),3, IF(AND(E76<G76,'Resultado Oficial'!E76<'Resultado Oficial'!G76),3,0))))))))
A77: 44889 | B77: 0.54166667 | C77: Portugal | F77: x | I77: Gana | J77: Estádio 974 | M77: PT | N77: J | O77: V | P77: E | Q77: D | R77: GP | S77: GC | T77: SG | V77: =A75 -> Primeira fase GRUPO H | X77: Pontos | Z77: =IF(OR(E77="",G77="",'Resultado Oficial'!E77="",'Resultado Oficial'!G77=""),"", IF(AND(E77='Resultado Oficial'!E77,G77='Resultado Oficial'!G77),10, IF(AND(E77=G77,'Resultado Oficial'!E77='Resultado Oficial'!G77,ABS((E77-'Resultado Oficial'!E77))=1),6, IF(AND(E77>G77,'Resultado Oficial'!E77>'Resultado Oficial'!G77,((E77-'Resultado Oficial'!E77)=(G77-'Resultado Oficial'!G77))),6, IF(AND(E77<G77,'Resultado Oficial'!E77<'Resultado Oficial'!G77,(('Resultado Oficial'!E77-E77)=('Resultado Oficial'!G77-G77))),6, IF(AND(E77>G77,'Resultado Oficial'!E77>'Resultado Oficial'!G77),3, IF(AND(E77=G77,'Resultado Oficial'!E77='Resultado Oficial'!G77),3, IF(AND(E77<G77,'Resultado Oficial'!E77<'Resultado Oficial'!G77),3,0))))))))
A78: 44893 | B78: 0.41666667 | C78: Coréia do Sul | F78: x | I78: Gana | J78: Cid. da Educ. | L78: ='Nome Palpiteiro'!MH59 -> Portugal | M78: =VLOOKUP(L78,'Nome Palpiteiro'!$LM$59:$LU$62,2,FALSE) -> 0 | N78: =VLOOKUP(L78,'Nome Palpiteiro'!$LM$59:$LU$62,3,FALSE) -> 0 | O78: =VLOOKUP(L78,'Nome Palpiteiro'!$LM$59:$LU$62,4,FALSE) -> 0 | P78: =VLOOKUP(L78,'Nome Palpiteiro'!$LM$59:$LU$62,5,FALSE) -> 0 | Q78: =VLOOKUP(L78,'Nome Palpiteiro'!$LM$59:$LU$62,6,FALSE) -> 0 | R78: =VLOOKUP(L78,'Nome Palpiteiro'!$LM$59:$LU$62,7,FALSE) -> 0 | S78: =VLOOKUP(L78,'Nome Palpiteiro'!$LM$59:$LU$62,8,FALSE) -> 0 | T78: =VLOOKUP(L78,'Nome Palpiteiro'!$LM$59:$LU$62,9,FALSE) -> 0 | V78: 1o Colocado | W78: =IF(N78<>3,"",L78) | X78: =IF(AND(W78<>"",'Resultado Oficial'!W78<>"",'Resultado Oficial'!W79<>""),IF(W78='Resultado Oficial'!W78,5,IF(W78='Resultado Oficial'!W79,2,0)),"") | Z78: =IF(OR(E78="",G78="",'Resultado Oficial'!E78="",'Resultado Oficial'!G78=""),"", IF(AND(E78='Resultado Oficial'!E78,G78='Resultado Oficial'!G78),10, IF(AND(E78=G78,'Resultado Oficial'!E78='Resultado Oficial'!G78,ABS((E78-'Resultado Oficial'!E78))=1),6, IF(AND(E78>G78,'Resultado Oficial'!E78>'Resultado Oficial'!G78,((E78-'Resultado Oficial'!E78)=(G78-'Resultado Oficial'!G78))),6, IF(AND(E78<G78,'Resultado Oficial'!E78<'Resultado Oficial'!G78,(('Resultado Oficial'!E78-E78)=('Resultado Oficial'!G78-G78))),6, IF(AND(E78>G78,'Resultado Oficial'!E78>'Resultado Oficial'!G78),3, IF(AND(E78=G78,'Resultado Oficial'!E78='Resultado Oficial'!G78),3, IF(AND(E78<G78,'Resultado Oficial'!E78<'Resultado Oficial'!G78),3,0))))))))
A79: 44893 | B79: 0.66666667 | C79: Portugal | F79: x | I79: Uruguai | J79: Lusail | L79: ='Nome Palpiteiro'!MH60 -> Gana | M79: =VLOOKUP(L79,'Nome Palpiteiro'!$LM$59:$LU$62,2,FALSE) -> 0 | N79: =VLOOKUP(L79,'Nome Palpiteiro'!$LM$59:$LU$62,3,FALSE) -> 0 | O79: =VLOOKUP(L79,'Nome Palpiteiro'!$LM$59:$LU$62,4,FALSE) -> 0 | P79: =VLOOKUP(L79,'Nome Palpiteiro'!$LM$59:$LU$62,5,FALSE) -> 0 | Q79: =VLOOKUP(L79,'Nome Palpiteiro'!$LM$59:$LU$62,6,FALSE) -> 0 | R79: =VLOOKUP(L79,'Nome Palpiteiro'!$LM$59:$LU$62,7,FALSE) -> 0 | S79: =VLOOKUP(L79,'Nome Palpiteiro'!$LM$59:$LU$62,8,FALSE) -> 0 | T79: =VLOOKUP(L79,'Nome Palpiteiro'!$LM$59:$LU$62,9,FALSE) -> 0 | V79: 2o Colocado | W79: =IF(N79<>3,"",L79) | X79: =IF(AND(W79<>"",'Resultado Oficial'!W78<>"",'Resultado Oficial'!W79<>""),IF(W79='Resultado Oficial'!W79,5,IF(W79='Resultado Oficial'!W78,2,0)),"") | Z79: =IF(OR(E79="",G79="",'Resultado Oficial'!E79="",'Resultado Oficial'!G79=""),"", IF(AND(E79='Resultado Oficial'!E79,G79='Resultado Oficial'!G79),10, IF(AND(E79=G79,'Resultado Oficial'!E79='Resultado Oficial'!G79,ABS((E79-'Resultado Oficial'!E79))=1),6, IF(AND(E79>G79,'Resultado Oficial'!E79>'Resultado Oficial'!G79,((E79-'Resultado Oficial'!E79)=(G79-'Resultado Oficial'!G79))),6, IF(AND(E79<G79,'Resultado Oficial'!E79<'Resultado Oficial'!G79,(('Resultado Oficial'!E79-E79)=('Resultado Oficial'!G79-G79))),6, IF(AND(E79>G79,'Resultado Oficial'!E79>'Resultado Oficial'!G79),3, IF(AND(E79=G79,'Resultado Oficial'!E79='Resultado Oficial'!G79),3, IF(AND(E79<G79,'Resultado Oficial'!E79<'Resultado Oficial'!G79),3,0))))))))
A80: 44897 | B80: 0.5 | C80: Gana | F80: x | I80: Uruguai | J80: Al Janoub | L80: ='Nome Palpiteiro'!MH61 -> Uruguai | M80: =VLOOKUP(L80,'Nome Palpiteiro'!$LM$59:$LU$62,2,FALSE) -> 0 | N80: =VLOOKUP(L80,'Nome Palpiteiro'!$LM$59:$LU$62,3,FALSE) -> 0 | O80: =VLOOKUP(L80,'Nome Palpiteiro'!$LM$59:$LU$62,4,FALSE) -> 0 | P80: =VLOOKUP(L80,'Nome Palpiteiro'!$LM$59:$LU$62,5,FALSE) -> 0 | Q80: =VLOOKUP(L80,'Nome Palpiteiro'!$LM$59:$LU$62,6,FALSE) -> 0 | R80: =VLOOKUP(L80,'Nome Palpiteiro'!$LM$59:$LU$62,7,FALSE) -> 0 | S80: =VLOOKUP(L80,'Nome Palpiteiro'!$LM$59:$LU$62,8,FALSE) -> 0 | T80: =VLOOKUP(L80,'Nome Palpiteiro'!$LM$59:$LU$62,9,FALSE) -> 0 | Z80: =IF(OR(E80="",G80="",'Resultado Oficial'!E80="",'Resultado Oficial'!G80=""),"", IF(AND(E80='Resultado Oficial'!E80,G80='Resultado Oficial'!G80),10, IF(AND(E80=G80,'Resultado Oficial'!E80='Resultado Oficial'!G80,ABS((E80-'Resultado Oficial'!E80))=1),6, IF(AND(E80>G80,'Resultado Oficial'!E80>'Resultado Oficial'!G80,((E80-'Resultado Oficial'!E80)=(G80-'Resultado Oficial'!G80))),6, IF(AND(E80<G80,'Resultado Oficial'!E80<'Resultado Oficial'!G80,(('Resultado Oficial'!E80-E80)=('Resultado Oficial'!G80-G80))),6, IF(AND(E80>G80,'Resultado Oficial'!E80>'Resultado Oficial'!G80),3, IF(AND(E80=G80,'Resultado Oficial'!E80='Resultado Oficial'!G80),3, IF(AND(E80<G80,'Resultado Oficial'!E80<'Resultado Oficial'!G80),3,0))))))))
A81: 44897 | B81: 0.5 | C81: Coréia do Sul | F81: x | I81: Portugal | J81: Cid. da Educ. | L81: ='Nome Palpiteiro'!MH62 -> Coréia do Sul | M81: =VLOOKUP(L81,'Nome Palpiteiro'!$LM$59:$LU$62,2,FALSE) -> 0 | N81: =VLOOKUP(L81,'Nome Palpiteiro'!$LM$59:$LU$62,3,FALSE) -> 0 | O81: =VLOOKUP(L81,'Nome Palpiteiro'!$LM$59:$LU$62,4,FALSE) -> 0 | P81: =VLOOKUP(L81,'Nome Palpiteiro'!$LM$59:$LU$62,5,FALSE) -> 0 | Q81: =VLOOKUP(L81,'Nome Palpiteiro'!$LM$59:$LU$62,6,FALSE) -> 0 | R81: =VLOOKUP(L81,'Nome Palpiteiro'!$LM$59:$LU$62,7,FALSE) -> 0 | S81: =VLOOKUP(L81,'Nome Palpiteiro'!$LM$59:$LU$62,8,FALSE) -> 0 | T81: =VLOOKUP(L81,'Nome Palpiteiro'!$LM$59:$LU$62,9,FALSE) -> 0 | Z81: =IF(OR(E81="",G81="",'Resultado Oficial'!E81="",'Resultado Oficial'!G81=""),"", IF(AND(E81='Resultado Oficial'!E81,G81='Resultado Oficial'!G81),10, IF(AND(E81=G81,'Resultado Oficial'!E81='Resultado Oficial'!G81,ABS((E81-'Resultado Oficial'!E81))=1),6, IF(AND(E81>G81,'Resultado Oficial'!E81>'Resultado Oficial'!G81,((E81-'Resultado Oficial'!E81)=(G81-'Resultado Oficial'!G81))),6, IF(AND(E81<G81,'Resultado Oficial'!E81<'Resultado Oficial'!G81,(('Resultado Oficial'!E81-E81)=('Resultado Oficial'!G81-G81))),6, IF(AND(E81>G81,'Resultado Oficial'!E81>'Resultado Oficial'!G81),3, IF(AND(E81=G81,'Resultado Oficial'!E81='Resultado Oficial'!G81),3, IF(AND(E81<G81,'Resultado Oficial'!E81<'Resultado Oficial'!G81),3,0))))))))
I83: até aqui foram 48 jogos
A84: Oitavas de final | E84: Tempo normal
A85: 43281 | B85: 0.625 | C85: =IF(N22=3,L22,"1º do grupo A") -> 1º do grupo A | F85: x | I85: =IF(N31=3,L31,"2º do grupo B") -> 2º do grupo B | K85: 49
A86: 43281 | B86: 0.45833333 | C86: =IF(N38=3,L38,"1º do grupo C") -> 1º do grupo C | F86: x | I86: =IF(N47=3,L47,"2º do grupo D") -> 2º do grupo D | K86: 50
A87: 43282 | B87: 0.45833333 | C87: =IF(N30=3,L30,"1º do grupo B") -> 1º do grupo B | F87: x | I87: =IF(N23=3,L23,"2º do grupo A") -> 2º do grupo A | K87: 51
A88: 43282 | B88: 0.625 | C88: =IF(N46=3,L46,"1º do grupo D") -> 1º do grupo D | F88: x | I88: =IF(N39=3,L39,"2º do grupo C") -> 2º do grupo C | K88: 52
A89: 43283 | B89: 0.45833333 | C89: =IF(N54=3,L54,"1º do grupo E") -> 1º do grupo E | F89: x | I89: =IF(N63=3,L63,"2º do grupo F") -> 2º do grupo F | K89: 53
A90: 43283 | B90: 0.625 | C90: =IF(N70=3,L70,"1º do grupo G") -> 1º do grupo G | F90: x | I90: =IF(N79=3,L79,"2º do grupo H") -> 2º do grupo H | K90: 54
A91: 43284 | B91: 0.45833333 | C91: =IF(N62=3,L62,"1º do grupo F") -> 1º do grupo F | F91: x | I91: =IF(N55=3,L55,"2º do grupo E") -> 2º do grupo E | K91: 55
A92: 43284 | B92: 0.625 | C92: =IF(N78=3,L78,"1º do grupo H") -> 1º do grupo H | F92: x | I92: =IF(N71=3,L71,"2º do grupo G") -> 2º do grupo G | K92: 56
A94: Quartas de final
A95: 43287 | B95: 0.45833333 | C95: =IF(OR(E85="",G85="",AND(E85=G85,OR(D85="",H85=""))),"Vencedor do 49",IF(E85=G85,IF(D85>H85,C85,I85),IF(E85>G85,C85,I85))) -> Vencedor do 49 | F95: x | I95: =IF(OR(G86="",E86="",AND(G86=E86,OR(H86="",D86=""))),"Vencedor do 50",IF(G86=E86,IF(H86>D86,I86,C86),IF(G86>E86,I86,C86))) -> Vencedor do 50 | K95: 57 | M95: =IF(OR($E$108="",$G$108="",AND($E$108=$G$108,OR($D$108="",$H$108=""))),"",IF($E$108=$G$108,IF($D$108>$H$108,$C$108,$I$108),IF($E$108>$G$108,$C$108,$I$108)))
A96: 43287 | B96: 0.625 | C96: =IF(OR(E89="",G89="",AND(E89=G89,OR(D89="",H89=""))),"Vencedor do 51",IF(E89=G89,IF(D89>H89,C89,I89),IF(E89>G89,C89,I89))) -> Vencedor do 51 | F96: x | I96: =IF(OR(G90="",E90="",AND(G90=E90,OR(H90="",D90=""))),"Vencedor do 52",IF(G90=E90,IF(H90>D90,I90,C90),IF(G90>E90,I90,C90))) -> Vencedor do 52 | K96: 58
A97: 43288 | B97: 0.625 | C97: =IF(OR(E87="",G87="",AND(E87=G87,OR(D87="",H87=""))),"Vencedor do 53",IF(E87=G87,IF(D87>H87,C87,I87),IF(E87>G87,C87,I87))) -> Vencedor do 53 | F97: x | I97: =IF(OR(G88="",E88="",AND(G88=E88,OR(H88="",D88=""))),"Vencedor do 54",IF(G88=E88,IF(H88>D88,I88,C88),IF(G88>E88,I88,C88))) -> Vencedor do 54 | K97: 59 | M97: =IF(M95=""," ","A Seleção campeã da Copa do Mundo, de 2018")
A98: 43288 | B98: 0.45833333 | C98: =IF(OR(E91="",G91="",AND(E91=G91,OR(D91="",H91=""))),"Vencedor do 55",IF(E91=G91,IF(D91>H91,C91,I91),IF(E91>G91,C91,I91))) -> Vencedor do 55 | F98: x | I98: =IF(OR(G92="",E92="",AND(G92=E92,OR(H92="",D92=""))),"Vencedor do 56",IF(G92=E92,IF(H92>D92,I92,C92),IF(G92>E92,I92,C92))) -> Vencedor do 56 | K98: 60
A100: Semifinal
A101: 43291 | B101: 0.625 | C101: =IF(OR(E95="",G95="",AND(E95=G95,OR(D95="",H95=""))),"Vencedor do 57",IF(E95=G95,IF(D95>H95,C95,I95),IF(E95>G95,C95,I95))) -> Vencedor do 57 | F101: x | I101: =IF(OR(G96="",E96="",AND(G96=E96,OR(H96="",D96=""))),"Vencedor do 58",IF(G96=E96,IF(H96>D96,I96,C96),IF(G96>E96,I96,C96))) -> Vencedor do 58 | K101: 61
A102: 43292 | B102: 0.45833333 | C102: =IF(OR(E97="",G97="",AND(E97=G97,OR(D97="",H97=""))),"Vencedor do 59",IF(E97=G97,IF(D97>H97,C97,I97),IF(E97>G97,C97,I97))) -> Vencedor do 59 | F102: x | I102: =IF(OR(G98="",E98="",AND(G98=E98,OR(H98="",D98=""))),"Vencedor do 60",IF(G98=E98,IF(H98>D98,I98,C98),IF(G98>E98,I98,C98))) -> Vencedor do 60 | K102: 62
A104: Decisão do terceiro lugar
A105: 43295 | B105: 0.45833333 | C105: =IF(OR(E101="",G101="",AND(E101=G101,OR(D101="",H101="")))," ",IF(E101=G101,IF(D101<H101,C101,I101),IF(E101<G101,C101,I101))) | F105: x | I105: =IF(OR(G102="",E102="",AND(G102=E102,OR(H102="",D102="")))," ",IF(G102=E102,IF(H102<D102,I102,C102),IF(G102<E102,I102,C102))) | K105: 63
A107: Decisão da copa de 2022 - Qatar
A108: 43296 | B108: 0.5 | C108: =IF(OR(E101="",G101="",AND(E101=G101,OR(D101="",H101="")))," ",IF(E101=G101,IF(D101>H101,C101,I101),IF(E101>G101,C101,I101))) | F108: x | I108: =IF(OR(G102="",E102="",AND(G102=E102,OR(H102="",D102="")))," ",IF(G102=E102,IF(H102>D102,I102,C102),IF(G102>E102,I102,C102))) | K108: 64

Sheet Marco
LN1: Grupo A
LM2: Seleção | LN2: PT | LO2: J | LP2: V | LQ2: E | LR2: D | LS2: GP | LT2: GC | LU2: SG
LM3: Catar | LN3: =IF(OR(E20="",G20=""),0,IF(LO3=0,0,IF(E20>G20,3,IF(E20=G20,1,0)))+IF(OR(E22="",G22=""),0,IF(E22>G22,3,IF(E22=G22,1,0)))+IF(OR(G25="",E25=""),0,IF(G25>E25,3,IF(G25=E25,1,0)))) -> 0 | LO3: =IF(AND(E20<>"",G20<>""),1,0)+IF(AND(E22<>"",G22<>""),1,0)+IF(AND(E25<>"",G25<>""),1,0) -> 3 | LP3: =IF(OR(E20="",G20=""),0,IF(E20>G20,1,0))+IF(OR(E22="",G22=""),0,IF(E22>G22,1,0))+IF(OR(G25="",E25=""),0,IF(G25>E25,1,0)) -> 0 | LQ3: =IF(OR(E20="",G20=""),0,IF(E20=G20,1,0))+IF(OR(E22="",G22=""),0,IF(E22=G22,1,0))+IF(OR(G25="",E25=""),0,IF(G25=E25,1,0)) -> 0 | LR3: =IF(OR(E20="",G20=""),0,IF(E20<G20,1,0))+IF(OR(E22="",G22=""),0,IF(E22<G22,1,0))+IF(OR(G25="",E25=""),0,IF(G25<E25,1,0)) -> 3 | LS3: =E20+E22+G25 -> 1 | LT3: =G20+G22+E25 -> 8 | LU3: =LS3-LT3 -> -7 | LV3: =LN3 -> 0 | LW3: =LU3/10 -> -0.7 | LX3: =LS3/100 -> 0.01 | LY3: =SUM(LV3:LX3) -> -0.69 | LZ3: =IF(LY3=LY4,IF(E20>G20,0.001,0),0) -> 0 | MA3: =IF(LY3=LY5,IF(E22>G22,0.001,0),0) -> 0 | MB3: =IF(LY3=LY6,IF(G25>E25,0.001,0),0) -> 0 | MC3: =SUM(LY3:MB3) -> -0.69 | MD3: =RANK(MC3,$MC$3:$MC$6,0) -> 4 | ME3: =MD3 -> 4 | MF3: 1 | MG3: =MATCH(MF3,$ME$3:$ME$6,0) -> 4 | MH3: =INDEX($LM$3:$LM$6,MG3) -> Holanda
A4: Bolão Copa 2022 - Câmara dos Lordes | LM4: Equador | LN4: =IF(OR(G20="",E20=""),0,IF(LO4=0,0,IF(G20>E20,3,IF(G20=E20,1,0)))+IF(OR(G23="",E23=""),0,IF(G23>E23,3,IF(G23=E23,1,0)))+IF(OR(G24="",E24=""),0,IF(E24>G24,3,IF(E24=G24,1,0)))) -> 3 | LO4: =IF(AND(E20<>"",G20<>""),1,0)+IF(AND(E23<>"",G23<>""),1,0)+IF(AND(E25<>"",G25<>""),1,0) -> 3 | LP4: =IF(OR(G20="",E20=""),0,IF(G20>E20,1,0))+IF(OR(G23="",E23=""),0,IF(G23>E23,1,0))+IF(OR(E25="",G25=""),0,IF(E25>G25,1,0)) -> 2 | LQ4: =IF(OR(G20="",E20=""),0,IF(G20=E20,1,0))+IF(OR(G23="",E23=""),0,IF(G23=E23,1,0))+IF(OR(E25="",G25=""),0,IF(E25=G25,1,0)) -> 0 | LR4: =IF(OR(G20="",E20=""),0,IF(G20<E20,1,0))+IF(OR(G23="",E23=""),0,IF(G23<E23,1,0))+IF(OR(E25="",G25=""),0,IF(E25<G25,1,0)) -> 1 | LS4: =G20+G23+E25 -> 6 | LT4: =E20+E23+G25 -> 3 | LU4: =LS4-LT4 -> 3 | LV4: =LN4 -> 3 | LW4: =LU4/10 -> 0.3 | LX4: =LS4/100 -> 0.06 | LY4: =SUM(LV4:LX4) -> 3.36 | LZ4: =IF(LY4=LY3,IF(G20>E20,0.001,0),0) -> 0 | MA4: =IF(LY4=LY5,IF(E24>G24,0.001,0),0) -> 0 | MB4: =IF(LY4=LY6,IF(G23>E23,0.001,0),0) -> 0 | MC4: =SUM(LY4:MB4) -> 3.36 | MD4: =RANK(MC4,$MC$3:$MC$6,0) -> 3 | ME4: =IF(OR(AND(MD3=MD4,MD3=MD5,MD3=MD6),AND(MD4=MD3,MD4=MD5),AND(MD4=MD3,MD4=MD6),MD4=MD3),MD4+1,MD4) -> 3 | MF4: 2 | MG4: =MATCH(MF4,$ME$3:$ME$6,0) -> 3 | MH4: =INDEX($LM$3:$LM$6,MG4) -> Senegal
A5: Preencher as células em amarelo | LM5: Senegal | LN5: =IF(OR(E21="",G21=""),0,IF(LO5=0,0,IF(E21>G21,3,IF(E21=G21,1,0)))+IF(OR(G22="",E22=""),0,IF(G22>E22,3,IF(G22=E22,1,0)))+IF(OR(G24="",E24=""),0,IF(G24>E24,3,IF(E24=G24,1,0)))) -> 7 | LO5: =IF(AND(E21<>"",G21<>""),1,0)+IF(AND(E22<>"",G22<>""),1,0)+IF(AND(E24<>"",G24<>""),1,0) -> 3 | LP5: =IF(OR(E21="",G21=""),0,IF(E21>G21,1,0))+IF(OR(G22="",E22=""),0,IF(G22>E22,1,0))+IF(OR(G24="",E24=""),0,IF(G24>E24,1,0)) -> 2 | LQ5: =IF(OR(E21="",G21=""),0,IF(E21=G21,1,0))+IF(OR(G22="",E22=""),0,IF(G22=E22,1,0))+IF(OR(G24="",E24=""),0,IF(G24=E24,1,0)) -> 1 | LR5: =IF(OR(E21="",G21=""),0,IF(E21<G21,1,0))+IF(OR(G22="",E22=""),0,IF(G22<E22,1,0))+IF(OR(G24="",E24=""),0,IF(G24<E24,1,0)) -> 0 | LS5: =E21+G22+G24 -> 5 | LT5: =G21+E22+E24 -> 1 | LU5: =LS5-LT5 -> 4 | LV5: =LN5 -> 7 | LW5: =LU5/10 -> 0.4 | LX5: =LS5/100 -> 0.05 | LY5: =SUM(LV5:LX5) -> 7.45 | LZ5: =IF(LY5=LY3,IF(G22>E22,0.001,0),0) -> 0 | MA5: =IF(LY5=LY4,IF(G24>E24,0.001,0),0) -> 0 | MB5: =IF(LY5=LY6,IF(E21>G21,0.001,0),0) -> 0 | MC5: =SUM(LY5:MB5) -> 7.45 | MD5: =RANK(MC5,$MC$3:$MC$6,0) -> 2 | ME5: =IF(OR(AND(MD3=MD4,MD3=MD5,MD3=MD6),AND(MD5=MD3,MD5=MD4)),MD5+2,IF(OR(AND(MD5=MD4,MD5=MD6),MD5=MD3,MD5=MD4),MD5+1,MD5)) -> 2 | MF5: 3 | MG5: =MATCH(MF5,$ME$3:$ME$6,0) -> 2 | MH5: =INDEX($LM$3:$LM$6,MG5) -> Equador
A6: Nome do Palpiteiro: | E6: MARCO | L6: ="Total de Pontos até " & TEXT(NOW(),"dd/mm/aaaa") -> Total de Pontos até 24/04/Friday | LM6: Holanda | LN6: =IF(OR(G21="",E21=""),0,IF(LO6=0,0,IF(G21>E21,3,IF(G21=E21,1,0)))+IF(OR(E23="",G23=""),0,IF(E23>G23,3,IF(E23=G23,1,0)))+IF(OR(E25="",G25=""),0,IF(E25>G25,3,IF(E25=G25,1,0)))) -> 7 | LO6: =IF(AND(E21<>"",G21<>""),1,0)+IF(AND(E23<>"",G23<>""),1,0)+IF(AND(E25<>"",G25<>""),1,0) -> 3 | LP6: =IF(OR(G21="",E21=""),0,IF(G21>E21,1,0))+IF(OR(E23="",G23=""),0,IF(E23>G23,1,0))+IF(OR(E25="",G25=""),0,IF(E25>G25,1,0)) -> 2 | LQ6: =IF(OR(G21="",E21=""),0,IF(G21=E21,1,0))+IF(OR(E23="",G23=""),0,IF(E23=G23,1,0))+IF(OR(E25="",G25=""),0,IF(E25=G25,1,0)) -> 1 | LR6: =IF(OR(G21="",E21=""),0,IF(G21<E21,1,0))+IF(OR(E23="",G23=""),0,IF(E23<G23,1,0))+IF(OR(E25="",G25=""),0,IF(E25<G25,1,0)) -> 0 | LS6: =G21+E23+E25 -> 6 | LT6: =E21+G23+G25 -> 1 | LU6: =LS6-LT6 -> 5 | LV6: =LN6 -> 7 | LW6: =LU6/10 -> 0.5 | LX6: =LS6/100 -> 0.06 | LY6: =SUM(LV6:LX6) -> 7.56 | LZ6: =IF(LY6=LY3,IF(E25>G25,0.001,0),0) -> 0 | MA6: =IF(LY6=LY4,IF(E23>G23,0.001,0),0) -> 0 | MB6: =IF(LY6=LY5,IF(G21>E21,0.001,0),0) -> 0 | MC6: =SUM(LY6:MB6) -> 7.56 | MD6: =RANK(MC6,$MC$3:$MC$6,0) -> 1 | ME6: =IF(AND(MD3=MD4,MD3=MD5,MD3=MD6),MD6+3,IF(OR(AND(MD6=MD5,MD6=MD4),AND(MD6=MD4,MD6=MD3)),MD6+2,IF(OR(MD6=MD5,MD6=MD4,MD6=MD3),MD6+1,MD6))) -> 1 | MF6: 4 | MG6: =MATCH(MF6,$ME$3:$ME$6,0) -> 1 | MH6: =INDEX($LM$3:$LM$6,MG6) -> Catar
A7: E-mail do Palpiteiro: | E7: marcofonteadvogado@gmail.com | L7: =SUM(Z18,X22:X23,X30:X31,X38:X39,X46:X47,X54:X55,X62:X63,X70:X71,X78:X79,L9:L14) -> 144
A9: Artilheiro da Copa: | D9: NEYMAR | L9: =(IF(OR(D9="",'Resultado Oficial'!D117=""),"",IF(D9='Resultado Oficial'!D117,40,0))) -> 0 | LN9: Grupo B
LM10: Seleção | LN10: PT | LO10: J | LP10: V | LQ10: E | LR10: D | LS10: GP | LT10: GC | LU10: SG
A11: Campeão: | D11: BRASIL | L11: =IF(OR(D11="",'Resultado Oficial'!D111=""),"",IF(D11='Resultado Oficial'!D111,40,IF(D11='Resultado Oficial'!D112,20,IF(D11='Resultado Oficial'!D113,20,IF(Marco!D11='Resultado Oficial'!D114,20,0))))) -> 0 | LM11: Inglaterra | LN11: =IF(OR(E28="",G28=""),0,IF(LO11=0,0,IF(E28>G28,3,IF(E28=G28,1,0)))+IF(OR(E31="",G31=""),0,IF(E31>G31,3,IF(E31=G31,1,0)))+IF(OR(G32="",E32=""),0,IF(G32>E32,3,IF(G32=E32,1,0)))) -> 9 | LO11: =IF(AND(E28<>"",G28<>""),1,0)+IF(AND(E31<>"",G31<>""),1,0)+IF(AND(E32<>"",G32<>""),1,0) -> 3 | LP11: =IF(OR(E28="",G28=""),0,IF(E28>G28,1,0))+IF(OR(E31="",G31=""),0,IF(E31>G31,1,0))+IF(OR(G32="",E32=""),0,IF(G32>E32,1,0)) -> 3 | LQ11: =IF(OR(E28="",G28=""),0,IF(E28=G28,1,0))+IF(OR(E31="",G31=""),0,IF(E31=G31,1,0))+IF(OR(G32="",E32=""),0,IF(G32=E32,1,0)) -> 0 | LR11: =IF(OR(E28="",G28=""),0,IF(E28<G28,1,0))+IF(OR(E31="",G31=""),0,IF(E31<G31,1,0))+IF(OR(G32="",E32=""),0,IF(G32<E32,1,0)) -> 0 | LS11: =E28+E31+G32 -> 7 | LT11: =G28+G31+E32 -> 0 | LU11: =LS11-LT11 -> 7 | LV11: =LN11 -> 9 | LW11: =LU11/10 -> 0.7 | LX11: =LS11/100 -> 0.07 | LY11: =SUM(LV11:LX11) -> 9.77 | LZ11: =IF(LY11=LY12,IF(E28>G28,0.001,0),0) -> 0 | MA11: =IF(LY11=LY13,IF(E31>G31,0.001,0),0) -> 0 | MB11: =IF(LY11=LY14,IF(G32>E32,0.001,0),0) -> 0 | MC11: =SUM(LY11:MB11) -> 9.77 | MD11: =RANK($MC$11,$MC$11:$MC$14,0) -> 1 | ME11: =MD11 -> 1 | MF11: 1 | MG11: =MATCH(MF11,$ME$11:$ME$14,0) -> 1 | MH11: =INDEX($LM$11:$LM$14,MG11) -> Inglaterra
A12: Vice-campeão: | D12: ALEMANHA | L12: =IF(OR(D12="",'Resultado Oficial'!D112=""),"",IF(D12='Resultado Oficial'!D112,35,IF(D12='Resultado Oficial'!D111,20,IF(D12='Resultado Oficial'!D113,20,IF(Marco!D12='Resultado Oficial'!D114,20,0))))) -> 0 | LM12: Irã | LN12: =IF(OR(G28="",E28=""),0,IF(LO12=0,0,IF(G28>E28,3,IF(G28=E28,1,0)))+IF(OR(G30="",E30=""),0,IF(G30>E30,3,IF(G30=E30,1,0)))+IF(OR(G33="",E33=""),0,IF(E33>G33,3,IF(E33=G33,1,0)))) -> 0 | LO12: =IF(AND(E28<>"",G28<>""),1,0)+IF(AND(E30<>"",G30<>""),1,0)+IF(AND(E33<>"",G33<>""),1,0) -> 3 | LP12: =IF(OR(G28="",E28=""),0,IF(G28>E28,1,0))+IF(OR(G30="",E30=""),0,IF(G30>E30,1,0))+IF(OR(E33="",G33=""),0,IF(E33>G33,1,0)) -> 0 | LQ12: =IF(OR(G28="",E28=""),0,IF(G28=E28,1,0))+IF(OR(G30="",E30=""),0,IF(G30=E30,1,0))+IF(OR(E33="",G33=""),0,IF(E33=G33,1,0)) -> 0 | LR12: =IF(OR(G28="",E28=""),0,IF(G28<E28,1,0))+IF(OR(G30="",E30=""),0,IF(G30<E30,1,0))+IF(OR(E33="",G33=""),0,IF(E33<G33,1,0)) -> 3 | LS12: =G28+G30+E33 -> 0 | LT12: =E28+E30+G33 -> 7 | LU12: =LS12-LT12 -> -7 | LV12: =LN12 -> 0 | LW12: =LU12/10 -> -0.7 | LX12: =LS12/100 -> 0 | LY12: =SUM(LV12:LX12) -> -0.7 | LZ12: =IF(LY12=LY11,IF(G28>E28,0.001,0),0) -> 0 | MA12: =IF(LY12=LY13,IF(E33>G33,0.001,0),0) -> 0 | MB12: =IF(LY12=LY14,IF(G30>E30,0.001,0),0) -> 0 | MC12: =SUM(LY12:MB12) -> -0.7 | MD12: =RANK($MC$12,$MC$11:$MC$14,0) -> 4 | ME12: =IF(OR(AND(MD11=MD12,MD11=MD13,MD11=MD14),AND(MD12=MD11,MD12=MD13),AND(MD12=MD11,MD12=MD14),MD12=MD11),MD12+1,MD12) -> 4 | MF12: 2 | MG12: =MATCH(MF12,$ME$11:$ME$14,0) -> 4 | MH12: =INDEX($LM$11:$LM$14,MG12) -> País de Gales
